time_remaining,home_score,away_score,n_x,n_y,p_x,p_y,a,b,home_expected,away_expected,time_elapsed
2880.0,0,0,0,0,0.5,0.5,0.0,0.0,0.0,0.0,0.0
2880.0,0,0,261,0,0.0,0.5,0.0,0.0,0.0,0.0,0.0
2869.0,0,0,239,0,0.0,0.5,0.0,0.0,0.0,0.0,11.0
2868.0,0,2,124,124,0.0,1.0,0.0,2.0,0.0,250.0,12.0
2857.0,2,2,135,68,0.5,1.0,2.0,2.0,137.0,138.0,23.0
2838.0,2,2,89,45,0.5,1.0,2.0,2.0,91.0,92.0,42.0
2817.0,2,2,112,37,0.3333333333333333,1.0,2.0,2.0,76.66666666666666,76.0,63.0
2805.0,2,2,112,37,0.3333333333333333,1.0,2.0,2.0,76.66666666666666,76.0,75.0
2805.0,2,2,112,37,0.3333333333333333,1.0,2.0,2.0,76.66666666666666,76.0,75.0
2805.0,2,2,95,63,0.3333333333333333,0.5,2.0,2.0,65.33333333333333,65.0,75.0
2792.0,2,2,93,62,0.3333333333333333,0.5,2.0,2.0,64.0,64.0,88.0
2790.0,2,2,103,51,0.25,0.5,2.0,2.0,53.5,53.0,90.0
2772.0,2,2,102,51,0.25,0.5,2.0,2.0,53.0,53.0,108.0
2771.0,2,2,98,49,0.25,0.5,2.0,2.0,51.0,51.0,109.0
2767.0,2,2,88,44,0.25,0.5,2.0,2.0,46.0,46.0,113.0
2755.0,2,2,110,44,0.2,0.5,2.0,2.0,46.0,46.0,125.0
2755.0,2,2,110,44,0.2,0.5,2.0,2.0,46.0,46.0,125.0
2755.0,3,2,132,44,0.3333333333333333,0.5,1.5,2.0,69.0,46.0,125.0
2755.0,3,5,115,57,0.3333333333333333,0.6666666666666666,1.5,2.5,60.5,100.0,125.0
2737.0,3,5,108,54,0.3333333333333333,0.6666666666666666,1.5,2.5,57.0,95.0,143.0
2729.0,3,5,96,64,0.3333333333333333,0.5,1.5,2.5,51.0,85.0,151.0
2710.0,3,5,94,63,0.3333333333333333,0.5,1.5,2.5,50.0,83.75,170.0
2708.0,5,5,103,59,0.42857142857142855,0.5,1.6666666666666667,2.5,78.57142857142857,78.75,172.0
2697.0,5,5,97,56,0.42857142857142855,0.5,1.6666666666666667,2.5,74.28571428571429,75.0,183.0
2687.0,5,5,94,67,0.42857142857142855,0.4,1.6666666666666667,2.5,72.14285714285715,72.0,193.0
2681.0,5,5,94,67,0.42857142857142855,0.4,1.6666666666666667,2.5,72.14285714285715,72.0,199.0
2681.0,8,5,104,65,0.5,0.4,2.0,2.5,112.0,70.0,199.0
2674.0,8,5,93,58,0.5,0.4,2.0,2.5,101.0,63.0,206.0
2652.0,10,5,102,57,0.5555555555555556,0.4,2.0,2.5,123.33333333333334,62.0,228.0
2646.0,10,5,97,54,0.5555555555555556,0.4,2.0,2.5,117.77777777777779,59.0,234.0
2636.0,10,8,91,61,0.5555555555555556,0.5,2.0,2.6666666666666665,111.11111111111111,89.33333333333333,244.0
2621.0,10,8,84,56,0.5555555555555556,0.5,2.0,2.6666666666666665,103.33333333333334,82.66666666666666,259.0
2600.0,10,8,81,54,0.5555555555555556,0.5,2.0,2.6666666666666665,100.0,80.0,280.0
2591.0,10,8,84,50,0.5,0.5,2.0,2.6666666666666665,94.0,74.66666666666666,289.0
2574.0,10,8,84,50,0.5,0.5,2.0,2.6666666666666665,94.0,74.66666666666666,306.0
2574.0,12,8,91,50,0.5454545454545454,0.5,2.0,2.6666666666666665,111.27272727272727,74.66666666666666,306.0
2570.0,12,8,86,55,0.5454545454545454,0.42857142857142855,2.0,2.6666666666666665,105.81818181818181,70.85714285714285,310.0
2555.0,12,8,86,55,0.5454545454545454,0.42857142857142855,2.0,2.6666666666666665,105.81818181818181,70.85714285714285,325.0
2555.0,12,8,85,62,0.5454545454545454,0.375,2.0,2.6666666666666665,104.72727272727272,70.0,325.0
2550.0,12,8,84,61,0.5454545454545454,0.375,2.0,2.6666666666666665,103.63636363636363,69.0,330.0
2548.0,12,8,83,61,0.5454545454545454,0.375,2.0,2.6666666666666665,102.54545454545453,69.0,332.0
2544.0,14,8,86,57,0.5833333333333334,0.375,2.0,2.6666666666666665,114.33333333333334,65.0,336.0
2527.0,14,8,83,55,0.5833333333333334,0.375,2.0,2.6666666666666665,110.83333333333334,63.0,353.0
2516.0,14,11,80,60,0.5833333333333334,0.4444444444444444,2.0,2.75,107.33333333333334,84.33333333333333,364.0
2505.0,14,11,78,59,0.5833333333333334,0.4444444444444444,2.0,2.75,105.0,83.1111111111111,375.0
2497.0,14,11,85,59,0.5384615384615384,0.4444444444444444,2.0,2.75,105.53846153846153,83.1111111111111,383.0
2497.0,14,11,85,59,0.5384615384615384,0.4444444444444444,2.0,2.75,105.53846153846153,83.1111111111111,383.0
2497.0,15,11,91,59,0.5714285714285714,0.4444444444444444,1.875,2.75,112.5,83.1111111111111,383.0
2497.0,15,11,86,62,0.5714285714285714,0.4,1.875,2.75,107.14285714285714,79.2,383.0
2478.0,15,11,86,62,0.5714285714285714,0.4,1.875,2.75,107.14285714285714,79.2,402.0
2478.0,15,11,90,60,0.5333333333333333,0.4,1.875,2.75,105.0,77.0,402.0
2469.0,15,11,90,60,0.5333333333333333,0.4,1.875,2.75,105.0,77.0,411.0
2467.0,17,11,95,59,0.5625,0.4,1.8888888888888888,2.75,117.93749999999999,75.9,413.0
2465.0,17,13,88,61,0.5625,0.45454545454545453,1.8888888888888888,2.6,110.5,85.09090909090908,415.0
2439.0,17,13,90,58,0.5294117647058824,0.45454545454545453,1.8888888888888888,2.6,107.0,81.54545454545455,441.0
2424.0,17,13,90,58,0.5294117647058824,0.45454545454545453,1.8888888888888888,2.6,107.0,81.54545454545455,456.0
2422.0,17,13,87,61,0.5294117647058824,0.4166666666666667,1.8888888888888888,2.6,104.0,79.08333333333333,458.0
2409.0,17,13,87,61,0.5294117647058824,0.4166666666666667,1.8888888888888888,2.6,104.0,79.08333333333333,471.0
2409.0,17,13,91,60,0.5,0.4166666666666667,1.8888888888888888,2.6,102.94444444444444,78.0,471.0
2403.0,17,13,91,60,0.5,0.4166666666666667,1.8888888888888888,2.6,102.94444444444444,78.0,477.0
2403.0,17,13,88,63,0.5,0.38461538461538464,1.8888888888888888,2.6,100.11111111111111,76.0,477.0
2389.0,17,13,87,63,0.5,0.38461538461538464,1.8888888888888888,2.6,99.16666666666667,76.0,491.0
2388.0,17,13,86,62,0.5,0.38461538461538464,1.8888888888888888,2.6,98.22222222222221,75.0,492.0
2380.0,17,16,81,63,0.5,0.42857142857142855,1.8888888888888888,2.6666666666666665,93.5,88.0,500.0
2358.0,17,16,80,62,0.5,0.42857142857142855,1.8888888888888888,2.6666666666666665,92.55555555555556,86.85714285714285,522.0
2349.0,17,16,80,62,0.5,0.42857142857142855,1.8888888888888888,2.6666666666666665,92.55555555555556,86.85714285714285,531.0
2349.0,19,16,81,60,0.5263157894736842,0.42857142857142855,1.9,2.6666666666666665,100.0,84.57142857142857,531.0
2333.0,19,16,76,60,0.5263157894736842,0.4,1.9,2.6666666666666665,95.0,80.0,547.0
2307.0,19,16,76,60,0.5263157894736842,0.4,1.9,2.6666666666666665,95.0,80.0,573.0
2307.0,21,16,79,59,0.55,0.4,1.9090909090909092,2.6666666666666665,103.95,78.93333333333334,573.0
2307.0,19,16,76,60,0.5263157894736842,0.4,1.9,2.6666666666666665,95.0,80.0,573.0
2296.0,21,16,76,61,0.55,0.375,1.9090909090909092,2.6666666666666665,100.80000000000001,77.0,584.0
2278.0,21,16,76,60,0.55,0.375,1.9090909090909092,2.6666666666666665,100.80000000000001,76.0,602.0
2277.0,21,16,78,59,0.5238095238095238,0.375,1.9090909090909092,2.6666666666666665,99.0,75.0,603.0
2269.0,21,16,78,59,0.5238095238095238,0.375,1.9090909090909092,2.6666666666666665,99.0,75.0,611.0
2269.0,21,16,77,59,0.5238095238095238,0.375,1.9090909090909092,2.6666666666666665,98.0,75.0,611.0
2263.0,21,18,76,61,0.5238095238095238,0.4117647058823529,1.9090909090909092,2.5714285714285716,97.0,82.58823529411765,617.0
2255.0,21,18,74,60,0.5238095238095238,0.4117647058823529,1.9090909090909092,2.5714285714285716,95.00000000000001,81.52941176470588,625.0
2241.0,21,18,73,59,0.5238095238095238,0.4117647058823529,1.9090909090909092,2.5714285714285716,94.00000000000001,80.47058823529412,639.0
2237.0,21,20,73,66,0.5238095238095238,0.47368421052631576,1.9090909090909092,2.2222222222222223,94.00000000000001,89.47368421052632,643.0
2237.0,21,19,73,63,0.5238095238095238,0.4444444444444444,1.9090909090909092,2.375,94.00000000000001,85.5,643.0
2237.0,21,20,73,66,0.5238095238095238,0.47368421052631576,1.9090909090909092,2.2222222222222223,94.00000000000001,89.47368421052632,643.0
2237.0,21,20,73,66,0.5238095238095238,0.47368421052631576,1.9090909090909092,2.2222222222222223,94.00000000000001,89.47368421052632,643.0
2237.0,21,20,71,68,0.5238095238095238,0.45,1.9090909090909092,2.2222222222222223,92.00000000000001,88.0,643.0
2222.0,21,20,71,67,0.5238095238095238,0.45,1.9090909090909092,2.2222222222222223,92.00000000000001,87.0,658.0
2221.0,21,20,69,66,0.5238095238095238,0.45,1.9090909090909092,2.2222222222222223,90.0,86.00000000000001,659.0
2209.5,21,20,69,66,0.5238095238095238,0.45,1.9090909090909092,2.2222222222222223,90.0,86.00000000000001,670.5
2209.5,22,20,72,66,0.5454545454545454,0.45,1.8333333333333333,2.2222222222222223,94.0,86.00000000000001,670.5
2209.5,23,20,76,66,0.5652173913043478,0.45,1.7692307692307692,2.2222222222222223,98.99999999999999,86.00000000000001,670.5
2209.5,23,20,74,64,0.5652173913043478,0.45,1.7692307692307692,2.2222222222222223,96.99999999999999,84.0,670.5
2196.3,23,21,74,67,0.5652173913043478,0.47619047619047616,1.7692307692307692,2.1,96.99999999999999,88.0,683.6999999999998
2196.3,23,23,73,70,0.5652173913043478,0.5,1.7692307692307692,2.090909090909091,96.0,96.18181818181817,683.6999999999998
2189.9,23,23,73,67,0.5416666666666666,0.5,1.7692307692307692,2.090909090909091,92.95833333333333,93.04545454545455,690.0999999999999
2165.9,23,23,73,67,0.5416666666666666,0.5,1.7692307692307692,2.090909090909091,92.95833333333333,93.04545454545455,714.0999999999999
2164.9,23,23,75,66,0.52,0.5,1.7692307692307692,2.090909090909091,92.0,92.0,715.0999999999999
2161.4,23,23,75,66,0.52,0.5,1.7692307692307692,2.090909090909091,92.0,92.0,718.5999999999999
2160.9,23,23,78,66,0.5,0.5,1.7692307692307692,2.090909090909091,92.0,92.0,719.0999999999999
2160.5,23,23,78,66,0.5,0.5,1.7692307692307692,2.090909090909091,92.0,92.0,719.5
2160.2,23,23,78,66,0.5,0.5,1.7692307692307692,2.090909090909091,92.0,92.0,719.8000000000002
2160.0,23,23,78,66,0.5,0.5,1.7692307692307692,2.090909090909091,92.0,92.0,720.0
2160.0,23,23,76,67,0.5,0.4782608695652174,1.7692307692307692,2.090909090909091,90.23076923076923,90.0,720.0
2148.0,23,23,76,67,0.5,0.4782608695652174,1.7692307692307692,2.090909090909091,90.23076923076923,90.0,732.0
2147.0,23,23,73,65,0.5,0.4782608695652174,1.7692307692307692,2.090909090909091,87.57692307692308,88.0,733.0
2126.0,23,23,73,65,0.5,0.4782608695652174,1.7692307692307692,2.090909090909091,87.57692307692308,88.0,754.0
2126.0,25,23,75,64,0.5185185185185185,0.4782608695652174,1.7857142857142858,2.090909090909091,94.44444444444444,87.0,754.0
2115.0,25,25,72,64,0.5185185185185185,0.5,1.7857142857142858,2.0833333333333335,91.66666666666667,91.66666666666667,765.0
2097.0,25,25,73,62,0.5,0.5,1.7857142857142858,2.0833333333333335,90.17857142857143,89.58333333333334,783.0
2080.0,25,25,73,62,0.5,0.5,1.7857142857142858,2.0833333333333335,90.17857142857143,89.58333333333334,800.0
2078.0,25,25,72,62,0.5,0.5,1.7857142857142858,2.0833333333333335,89.28571428571429,89.58333333333334,802.0
2072.0,25,25,71,61,0.5,0.5,1.7857142857142858,2.0833333333333335,88.39285714285714,88.54166666666667,808.0
2067.0,25,26,70,65,0.5,0.5,1.7857142857142858,2.0,87.5,91.0,813.0
2067.0,25,26,71,66,0.5,0.5,1.7857142857142858,2.0,88.39285714285714,92.0,813.0
2067.0,25,26,71,66,0.5,0.5,1.7857142857142858,2.0,88.39285714285714,92.0,813.0
2067.0,25,26,71,66,0.5,0.5,1.7857142857142858,2.0,88.39285714285714,92.0,813.0
2067.0,25,26,71,66,0.5,0.5,1.7857142857142858,2.0,88.39285714285714,92.0,813.0
2067.0,25,26,71,64,0.5,0.52,1.7857142857142858,2.0,88.39285714285714,92.56,813.0
2054.0,25,27,70,67,0.5,0.5185185185185185,1.7857142857142858,1.9285714285714286,87.5,94.0,826.0
2054.0,25,28,70,70,0.5,0.5357142857142857,1.7857142857142858,1.8666666666666667,87.5,97.99999999999999,826.0
2054.0,25,28,69,69,0.5,0.5357142857142857,1.7857142857142858,1.8666666666666667,86.60714285714286,97.0,826.0
2050.0,25,30,68,71,0.5,0.5517241379310345,1.7857142857142858,1.875,85.71428571428572,103.44827586206897,830.0
2043.0,25,30,67,69,0.5,0.5517241379310345,1.7857142857142858,1.875,84.82142857142858,101.37931034482759,837.0
2032.0,25,30,67,69,0.5,0.5517241379310345,1.7857142857142858,1.875,84.82142857142858,101.37931034482759,848.0
2032.0,25,30,65,68,0.5,0.5517241379310345,1.7857142857142858,1.875,83.03571428571429,100.34482758620689,848.0
2017.0,25,31,65,72,0.5,0.5483870967741935,1.7857142857142858,1.8235294117647058,83.03571428571429,102.99999999999999,863.0
2017.0,25,31,64,71,0.5,0.5483870967741935,1.7857142857142858,1.8235294117647058,82.14285714285714,102.0,863.0
2017.0,25,31,65,70,0.5,0.5666666666666667,1.7857142857142858,1.8235294117647058,83.03571428571429,103.33333333333333,863.0
2017.0,25,31,65,72,0.5,0.5483870967741935,1.7857142857142858,1.8235294117647058,83.03571428571429,102.99999999999999,863.0
2001.0,25,31,64,71,0.5,0.5483870967741935,1.7857142857142858,1.8235294117647058,82.14285714285714,102.0,879.0
2001.0,25,31,63,69,0.5,0.5483870967741935,1.7857142857142858,1.8235294117647058,81.25,100.0,879.0
1991.0,25,33,61,69,0.5,0.5625,1.7857142857142858,1.8333333333333333,79.46428571428572,104.15625,889.0
1969.0,27,33,61,67,0.5172413793103449,0.5625,1.8,1.8333333333333333,83.79310344827587,102.09375,911.0
1953.0,27,33,59,65,0.5172413793103449,0.5625,1.8,1.8333333333333333,81.93103448275863,100.03125,927.0
1930.0,29,33,60,64,0.5333333333333333,0.5625,1.8125,1.8333333333333333,87.0,99.0,950.0
1924.0,29,33,60,64,0.5333333333333333,0.5625,1.8125,1.8333333333333333,87.0,99.0,956.0
1916.0,29,33,59,63,0.5333333333333333,0.5625,1.8125,1.8333333333333333,86.03333333333333,97.96875,964.0
1910.0,29,34,58,66,0.5333333333333333,0.5588235294117647,1.8125,1.7894736842105263,85.06666666666666,100.0,970.0
1910.0,29,34,59,65,0.5333333333333333,0.5757575757575758,1.8125,1.7894736842105263,86.03333333333333,100.96969696969697,970.0
1910.0,29,34,59,67,0.5333333333333333,0.5588235294117647,1.8125,1.7894736842105263,86.03333333333333,101.0,970.0
1910.0,29,34,59,67,0.5333333333333333,0.5588235294117647,1.8125,1.7894736842105263,86.03333333333333,101.0,970.0
1901.0,29,34,57,65,0.5333333333333333,0.5588235294117647,1.8125,1.7894736842105263,84.1,99.0,979.0
1888.0,31,34,59,65,0.5483870967741935,0.5588235294117647,1.8235294117647058,1.7894736842105263,90.0,99.0,992.0
1886.0,31,34,57,65,0.5483870967741935,0.5428571428571428,1.8235294117647058,1.7894736842105263,88.0,97.14285714285714,994.0
1871.0,31,34,57,65,0.5483870967741935,0.5428571428571428,1.8235294117647058,1.7894736842105263,88.0,97.14285714285714,1009.0
1871.0,31,36,57,67,0.5483870967741935,0.5555555555555556,1.8235294117647058,1.8,88.0,103.00000000000001,1009.0
1869.0,31,36,56,65,0.5483870967741935,0.5555555555555556,1.8235294117647058,1.8,87.0,101.0,1011.0
1856.0,31,36,56,65,0.5483870967741935,0.5555555555555556,1.8235294117647058,1.8,87.0,101.0,1024.0
1856.0,31,36,56,65,0.5483870967741935,0.5555555555555556,1.8235294117647058,1.8,87.0,101.0,1024.0
1856.0,31,36,57,65,0.53125,0.5555555555555556,1.8235294117647058,1.8,86.21875,101.0,1024.0
1850.0,31,36,57,65,0.53125,0.5555555555555556,1.8235294117647058,1.8,86.21875,101.0,1030.0
1850.0,33,36,59,64,0.5454545454545454,0.5555555555555556,1.8333333333333333,1.8,92.0,100.0,1030.0
1848.0,33,38,57,64,0.5454545454545454,0.5675675675675675,1.8333333333333333,1.8095238095238095,90.0,103.72972972972973,1032.0
1828.0,33,38,57,64,0.5454545454545454,0.5675675675675675,1.8333333333333333,1.8095238095238095,90.0,103.72972972972973,1052.0
1820.0,33,38,57,64,0.5454545454545454,0.5675675675675675,1.8333333333333333,1.8095238095238095,90.0,103.72972972972973,1060.0
1820.0,33,38,55,63,0.5454545454545454,0.5526315789473685,1.8333333333333333,1.8095238095238095,88.0,101.0,1060.0
1796.0,33,38,55,63,0.5454545454545454,0.5526315789473685,1.8333333333333333,1.8095238095238095,88.0,101.0,1084.0
1794.0,35,38,56,62,0.5588235294117647,0.5526315789473685,1.8421052631578947,1.8095238095238095,92.64705882352942,100.0,1086.0
1790.0,35,38,55,61,0.5588235294117647,0.5526315789473685,1.8421052631578947,1.8095238095238095,91.61764705882354,99.0,1090.0
1779.0,35,38,55,61,0.5588235294117647,0.5526315789473685,1.8421052631578947,1.8095238095238095,91.61764705882354,99.0,1101.0
1779.0,35,40,54,62,0.5588235294117647,0.5641025641025641,1.8421052631578947,1.8181818181818181,90.58823529411765,103.58974358974359,1101.0
1773.0,35,40,53,61,0.5588235294117647,0.5641025641025641,1.8421052631578947,1.8181818181818181,89.55882352941177,102.56410256410257,1107.0
1756.0,36,40,55,61,0.5714285714285714,0.5641025641025641,1.8,1.8181818181818181,92.57142857142857,102.56410256410257,1124.0
1756.0,36,40,56,61,0.5555555555555556,0.5641025641025641,1.8,1.8181818181818181,92.0,102.56410256410257,1124.0
1756.0,36,40,56,61,0.5555555555555556,0.5641025641025641,1.8,1.8181818181818181,92.0,102.56410256410257,1124.0
1756.0,36,42,55,61,0.5555555555555556,0.575,1.8,1.826086956521739,91.0,106.05,1124.0
1743.0,36,42,54,60,0.5555555555555556,0.575,1.8,1.826086956521739,90.0,105.0,1137.0
1728.0,37,42,55,60,0.5675675675675675,0.575,1.7619047619047619,1.826086956521739,92.0,105.0,1152.0
1728.0,38,42,57,60,0.5789473684210527,0.575,1.7272727272727273,1.826086956521739,95.0,105.0,1152.0
1728.0,38,42,56,60,0.5789473684210527,0.5609756097560976,1.7272727272727273,1.826086956521739,94.0,103.46341463414635,1152.0
1713.0,38,42,54,60,0.5789473684210527,0.5476190476190477,1.7272727272727273,1.826086956521739,92.0,102.0,1167.0
1713.0,38,42,56,60,0.5789473684210527,0.5609756097560976,1.7272727272727273,1.826086956521739,94.0,103.46341463414635,1167.0
1691.0,38,42,54,60,0.5789473684210527,0.5476190476190477,1.7272727272727273,1.826086956521739,92.0,102.0,1189.0
1691.0,38,42,54,59,0.5641025641025641,0.5476190476190477,1.7272727272727273,1.826086956521739,90.61538461538461,101.0,1189.0
1678.0,38,42,54,59,0.5641025641025641,0.5476190476190477,1.7272727272727273,1.826086956521739,90.61538461538461,101.0,1202.0
1677.0,38,42,56,58,0.55,0.5476190476190477,1.7272727272727273,1.826086956521739,91.20000000000002,100.0,1203.0
1675.0,38,42,56,58,0.55,0.5476190476190477,1.7272727272727273,1.826086956521739,91.20000000000002,100.0,1205.0
1674.0,41,42,56,58,0.5609756097560976,0.5476190476190477,1.7826086956521738,1.826086956521739,97.0,100.0,1206.0
1668.0,41,42,55,57,0.5609756097560976,0.5348837209302325,1.7826086956521738,1.826086956521739,96.0,97.67441860465115,1212.0
1644.0,41,42,54,57,0.5609756097560976,0.5348837209302325,1.7826086956521738,1.826086956521739,95.0,97.67441860465115,1236.0
1643.0,44,42,55,57,0.5714285714285714,0.5348837209302325,1.8333333333333333,1.826086956521739,101.61904761904762,97.67441860465115,1237.0
1637.0,44,42,54,55,0.5714285714285714,0.5348837209302325,1.8333333333333333,1.826086956521739,100.57142857142857,95.72093023255813,1243.0
1618.0,44,42,53,56,0.5714285714285714,0.5227272727272727,1.8333333333333333,1.826086956521739,99.52380952380952,95.45454545454545,1262.0
1609.0,44,42,53,56,0.5714285714285714,0.5227272727272727,1.8333333333333333,1.826086956521739,99.52380952380952,95.45454545454545,1271.0
1608.0,44,42,53,54,0.5581395348837209,0.5227272727272727,1.8333333333333333,1.826086956521739,98.23255813953489,93.54545454545453,1272.0
1593.0,44,42,53,54,0.5581395348837209,0.5227272727272727,1.8333333333333333,1.826086956521739,98.23255813953489,93.54545454545453,1287.0
1592.0,44,42,53,54,0.5581395348837209,0.5227272727272727,1.8333333333333333,1.826086956521739,98.23255813953489,93.54545454545453,1288.0
1591.0,44,42,54,54,0.5454545454545454,0.5227272727272727,1.8333333333333333,1.826086956521739,98.0,93.54545454545453,1289.0
1589.0,44,42,54,54,0.5454545454545454,0.5227272727272727,1.8333333333333333,1.826086956521739,98.0,93.54545454545453,1291.0
1587.0,46,42,55,54,0.5555555555555556,0.5227272727272727,1.84,1.826086956521739,102.22222222222223,93.54545454545453,1293.0
1585.0,46,42,54,52,0.5555555555555556,0.5227272727272727,1.84,1.826086956521739,101.2,91.63636363636363,1295.0
1566.0,46,42,53,52,0.5555555555555556,0.5227272727272727,1.84,1.826086956521739,100.17777777777778,91.63636363636363,1314.0
1563.0,46,42,53,52,0.5555555555555556,0.5227272727272727,1.84,1.826086956521739,100.17777777777778,91.63636363636363,1317.0
1563.0,46,42,55,52,0.5434782608695652,0.5227272727272727,1.84,1.826086956521739,101.0,91.63636363636363,1317.0
1563.0,46,42,55,52,0.5434782608695652,0.5227272727272727,1.84,1.826086956521739,101.0,91.63636363636363,1317.0
1563.0,47,42,56,52,0.5531914893617021,0.5227272727272727,1.8076923076923077,1.826086956521739,103.0,91.63636363636363,1317.0
1563.0,47,42,55,51,0.5531914893617021,0.5227272727272727,1.8076923076923077,1.826086956521739,102.0,90.68181818181817,1317.0
1550.0,50,43,54,52,0.5625,0.5217391304347826,1.8518518518518519,1.7916666666666667,106.25,91.6086956521739,1330.0
1550.0,47,43,55,54,0.5531914893617021,0.5217391304347826,1.8076923076923077,1.7916666666666667,102.0,93.47826086956522,1330.0
1550.0,47,43,55,52,0.5531914893617021,0.5333333333333333,1.8076923076923077,1.7916666666666667,102.0,92.6888888888889,1330.0
1550.0,47,43,55,54,0.5531914893617021,0.5217391304347826,1.8076923076923077,1.7916666666666667,102.0,93.47826086956522,1330.0
1523.0,50,46,52,51,0.5625,0.5319148936170213,1.8518518518518519,1.84,104.16666666666666,95.91489361702128,1357.0
1499.2,52,46,53,51,0.5714285714285714,0.5319148936170213,1.8571428571428572,1.84,108.24489795918367,95.91489361702128,1380.8
1494.8,52,46,52,50,0.5714285714285714,0.5208333333333334,1.8571428571428572,1.84,107.18367346938774,93.91666666666667,1385.2
1475.9,52,46,51,50,0.5714285714285714,0.5208333333333334,1.8571428571428572,1.84,106.12244897959184,93.91666666666667,1404.1
1473.7,52,46,52,50,0.56,0.5208333333333334,1.8571428571428572,1.84,106.08000000000001,93.91666666666667,1406.3
1467.9,52,46,52,50,0.56,0.5208333333333334,1.8571428571428572,1.84,106.08000000000001,93.91666666666667,1412.1
1466.8,52,46,50,48,0.56,0.5208333333333334,1.8571428571428572,1.84,104.0,92.0,1413.2
1442.2,52,46,51,48,0.5490196078431373,0.5208333333333334,1.8571428571428572,1.84,104.0,92.0,1437.8
1442.2,52,46,50,48,0.56,0.5208333333333334,1.8571428571428572,1.84,104.0,92.0,1437.8
1442.2,52,46,50,48,0.56,0.5208333333333334,1.8571428571428572,1.84,104.0,92.0,1437.8
1442.2,52,46,50,48,0.56,0.5208333333333334,1.8571428571428572,1.84,104.0,92.0,1437.8
1440.0,52,46,50,47,0.5490196078431373,0.5208333333333334,1.8571428571428572,1.84,102.98039215686275,91.04166666666667,1440.0
1440.0,52,46,51,48,0.5490196078431373,0.5208333333333334,1.8571428571428572,1.84,104.0,92.0,1440.0
1440.0,52,46,51,48,0.5490196078431373,0.5208333333333334,1.8571428571428572,1.84,104.0,92.0,1440.0
1440.0,52,46,51,48,0.5490196078431373,0.5208333333333334,1.8571428571428572,1.84,104.0,92.0,1440.0
1421.0,52,46,49,46,0.5490196078431373,0.5208333333333334,1.8571428571428572,1.84,101.9607843137255,90.08333333333334,1459.0
1414.0,54,46,50,46,0.5576923076923077,0.5208333333333334,1.8620689655172413,1.84,105.92307692307692,90.08333333333334,1466.0
1406.0,54,46,48,44,0.5576923076923077,0.5208333333333334,1.8620689655172413,1.84,103.84615384615384,88.16666666666667,1474.0
1383.0,54,46,48,44,0.5576923076923077,0.5208333333333334,1.8620689655172413,1.84,103.84615384615384,88.16666666666667,1497.0
1383.0,56,46,48,43,0.5660377358490566,0.5208333333333334,1.8666666666666667,1.84,106.71698113207546,87.20833333333334,1497.0
1368.0,56,46,48,43,0.5660377358490566,0.5208333333333334,1.8666666666666667,1.84,106.71698113207546,87.20833333333334,1512.0
1368.0,56,46,47,42,0.5660377358490566,0.5208333333333334,1.8666666666666667,1.84,105.66037735849056,86.25,1512.0
1350.0,56,47,47,43,0.5660377358490566,0.5306122448979592,1.8666666666666667,1.8076923076923077,105.66037735849056,88.24489795918367,1530.0
1350.0,56,47,47,44,0.5660377358490566,0.52,1.8666666666666667,1.8076923076923077,105.66037735849056,88.36,1530.0
1347.0,56,47,47,44,0.5660377358490566,0.52,1.8666666666666667,1.8076923076923077,105.66037735849056,88.36,1533.0
1346.0,56,47,46,43,0.5555555555555556,0.52,1.8666666666666667,1.8076923076923077,103.70370370370371,87.42,1534.0
1330.0,56,47,46,43,0.5555555555555556,0.52,1.8666666666666667,1.8076923076923077,103.70370370370371,87.42,1550.0
1328.0,58,47,47,42,0.5636363636363636,0.52,1.8709677419354838,1.8076923076923077,107.56363636363636,86.47999999999999,1552.0
1323.0,58,49,46,42,0.5636363636363636,0.5294117647058824,1.8709677419354838,1.8148148148148149,106.5090909090909,89.3529411764706,1557.0
1304.0,60,49,46,42,0.5714285714285714,0.5294117647058824,1.875,1.8148148148148149,109.28571428571428,89.3529411764706,1576.0
1293.0,60,49,44,41,0.5714285714285714,0.5192307692307693,1.875,1.8148148148148149,107.14285714285714,87.63461538461539,1587.0
1275.0,60,49,44,41,0.5714285714285714,0.5192307692307693,1.875,1.8148148148148149,107.14285714285714,87.63461538461539,1605.0
1274.0,60,49,44,41,0.5714285714285714,0.5192307692307693,1.875,1.8148148148148149,107.14285714285714,87.63461538461539,1606.0
1274.0,60,49,44,41,0.5714285714285714,0.5192307692307693,1.875,1.8148148148148149,107.14285714285714,87.63461538461539,1606.0
1274.0,62,49,44,40,0.5789473684210527,0.5192307692307693,1.878787878787879,1.8148148148148149,109.85964912280701,86.6923076923077,1606.0
1249.0,62,52,42,39,0.5789473684210527,0.5283018867924528,1.878787878787879,1.8571428571428572,107.68421052631578,90.26415094339623,1631.0
1226.0,62,52,42,38,0.5689655172413793,0.5283018867924528,1.878787878787879,1.8571428571428572,106.89655172413794,89.28301886792453,1654.0
1206.0,62,52,42,38,0.5689655172413793,0.5283018867924528,1.878787878787879,1.8571428571428572,106.89655172413794,89.28301886792453,1674.0
1203.0,62,54,41,38,0.5689655172413793,0.5370370370370371,1.878787878787879,1.8620689655172413,105.82758620689656,92.0,1677.0
1194.0,65,54,41,37,0.576271186440678,0.5370370370370371,1.911764705882353,1.8620689655172413,110.16949152542374,91.0,1686.0
1175.0,65,54,40,36,0.576271186440678,0.5370370370370371,1.911764705882353,1.8620689655172413,109.0677966101695,90.0,1705.0
1160.0,65,54,40,37,0.576271186440678,0.5272727272727272,1.911764705882353,1.8620689655172413,109.0677966101695,90.32727272727273,1720.0
1160.0,65,54,40,37,0.576271186440678,0.5272727272727272,1.911764705882353,1.8620689655172413,109.0677966101695,90.32727272727273,1720.0
1160.0,65,54,40,38,0.576271186440678,0.5178571428571429,1.911764705882353,1.8620689655172413,109.0677966101695,90.64285714285714,1720.0
1160.0,65,54,40,38,0.576271186440678,0.5178571428571429,1.911764705882353,1.8620689655172413,109.0677966101695,90.64285714285714,1720.0
1160.0,65,54,40,38,0.576271186440678,0.5178571428571429,1.911764705882353,1.8620689655172413,109.0677966101695,90.64285714285714,1720.0
1156.0,68,54,40,37,0.5833333333333334,0.5178571428571429,1.9428571428571428,1.8620689655172413,113.33333333333334,89.67857142857144,1724.0
1149.0,68,54,39,37,0.5833333333333334,0.5087719298245614,1.9428571428571428,1.8620689655172413,112.2,89.05263157894737,1731.0
1130.0,68,54,39,37,0.5833333333333334,0.5087719298245614,1.9428571428571428,1.8620689655172413,112.2,89.05263157894737,1750.0
1130.0,68,54,38,36,0.5833333333333334,0.5087719298245614,1.9428571428571428,1.8620689655172413,111.06666666666666,88.10526315789474,1750.0
1121.0,68,56,37,36,0.5833333333333334,0.5172413793103449,1.9428571428571428,1.8666666666666667,109.93333333333334,90.75862068965517,1759.0
1104.0,68,56,36,35,0.5833333333333334,0.5172413793103449,1.9428571428571428,1.8666666666666667,108.8,89.79310344827587,1776.0
1083.0,70,56,36,34,0.5901639344262295,0.5172413793103449,1.9444444444444444,1.8666666666666667,111.31147540983606,88.82758620689656,1797.0
1068.0,70,56,35,33,0.5901639344262295,0.5172413793103449,1.9444444444444444,1.8666666666666667,110.1639344262295,87.86206896551724,1812.0
1046.0,70,56,34,33,0.5901639344262295,0.5084745762711864,1.9444444444444444,1.8666666666666667,109.01639344262296,87.32203389830508,1834.0
1046.0,70,56,35,33,0.5901639344262295,0.5172413793103449,1.9444444444444444,1.8666666666666667,110.1639344262295,87.86206896551724,1834.0
1046.0,70,56,35,33,0.5901639344262295,0.5172413793103449,1.9444444444444444,1.8666666666666667,110.1639344262295,87.86206896551724,1834.0
1033.0,70,56,34,33,0.5901639344262295,0.5084745762711864,1.9444444444444444,1.8666666666666667,109.01639344262296,87.32203389830508,1847.0
1033.0,70,56,34,33,0.5901639344262295,0.5084745762711864,1.9444444444444444,1.8666666666666667,109.01639344262296,87.32203389830508,1847.0
1033.0,70,56,34,32,0.5901639344262295,0.5084745762711864,1.9444444444444444,1.8666666666666667,109.01639344262296,86.37288135593221,1847.0
1021.0,71,56,34,32,0.5967741935483871,0.5084745762711864,1.9189189189189189,1.8666666666666667,109.93548387096774,86.37288135593221,1859.0
1021.0,71,56,34,32,0.5873015873015873,0.5084745762711864,1.9189189189189189,1.8666666666666667,109.31746031746032,86.37288135593221,1859.0
1016.0,71,56,34,32,0.5873015873015873,0.5084745762711864,1.9189189189189189,1.8666666666666667,109.31746031746032,86.37288135593221,1864.0
1014.0,71,56,34,32,0.5873015873015873,0.5084745762711864,1.9189189189189189,1.8666666666666667,109.31746031746032,86.37288135593221,1866.0
1006.0,71,56,34,31,0.578125,0.5084745762711864,1.9189189189189189,1.8666666666666667,108.71875,85.42372881355932,1874.0
999.0,71,56,34,31,0.578125,0.5084745762711864,1.9189189189189189,1.8666666666666667,108.71875,85.42372881355932,1881.0
997.0,71,56,33,31,0.578125,0.5084745762711864,1.9189189189189189,1.8666666666666667,107.609375,85.42372881355932,1883.0
982.0,73,56,33,30,0.5846153846153846,0.5084745762711864,1.9210526315789473,1.8666666666666667,110.06153846153846,84.47457627118644,1898.0
971.0,73,56,32,30,0.5846153846153846,0.5,1.9210526315789473,1.8666666666666667,108.93846153846154,84.0,1909.0
956.0,73,56,32,30,0.5846153846153846,0.5,1.9210526315789473,1.8666666666666667,108.93846153846154,84.0,1924.0
955.0,73,56,32,29,0.5757575757575758,0.5,1.9210526315789473,1.8666666666666667,108.3939393939394,83.06666666666666,1925.0
947.0,73,56,32,29,0.5757575757575758,0.5,1.9210526315789473,1.8666666666666667,108.3939393939394,83.06666666666666,1933.0
946.0,73,56,32,29,0.5757575757575758,0.5,1.9210526315789473,1.8666666666666667,108.3939393939394,83.06666666666666,1934.0
945.0,73,56,32,29,0.5757575757575758,0.5,1.9210526315789473,1.8666666666666667,108.3939393939394,83.06666666666666,1935.0
945.0,73,56,32,29,0.5757575757575758,0.5,1.9210526315789473,1.8666666666666667,108.3939393939394,83.06666666666666,1935.0
945.0,73,57,32,30,0.5757575757575758,0.5081967213114754,1.9210526315789473,1.8387096774193548,108.3939393939394,85.0327868852459,1935.0
945.0,73,58,32,30,0.5757575757575758,0.5161290322580645,1.9210526315789473,1.8125,108.3939393939394,86.06451612903226,1935.0
945.0,73,58,32,30,0.5671641791044776,0.5161290322580645,1.9210526315789473,1.8125,107.86567164179104,86.06451612903226,1935.0
933.0,73,58,32,30,0.5671641791044776,0.5161290322580645,1.9210526315789473,1.8125,107.86567164179104,86.06451612903226,1947.0
932.0,75,58,32,30,0.5735294117647058,0.5161290322580645,1.9230769230769231,1.8125,110.29411764705881,86.06451612903226,1948.0
931.0,75,58,32,29,0.5735294117647058,0.5161290322580645,1.9230769230769231,1.8125,110.29411764705881,85.12903225806451,1949.0
924.0,75,60,32,30,0.5735294117647058,0.53125,1.9230769230769231,1.7647058823529411,110.29411764705881,88.125,1956.0
924.0,75,60,31,29,0.5652173913043478,0.53125,1.9230769230769231,1.7647058823529411,108.69565217391305,87.1875,1956.0
924.0,75,59,32,30,0.5735294117647058,0.5238095238095238,1.9230769230769231,1.7878787878787878,110.29411764705881,87.0952380952381,1956.0
901.0,75,60,31,29,0.5652173913043478,0.53125,1.9230769230769231,1.7647058823529411,108.69565217391305,87.1875,1979.0
900.0,75,63,31,29,0.5652173913043478,0.5384615384615384,1.9230769230769231,1.8,108.69565217391305,91.1076923076923,1980.0
895.0,77,63,30,28,0.5714285714285714,0.5384615384615384,1.925,1.8,110.0,90.13846153846154,1985.0
874.0,77,65,29,27,0.5714285714285714,0.5454545454545454,1.925,1.8055555555555556,108.9,91.5909090909091,2006.0
846.0,77,65,29,27,0.5714285714285714,0.5454545454545454,1.925,1.8055555555555556,108.9,91.5909090909091,2034.0
834.0,77,65,29,27,0.5714285714285714,0.5454545454545454,1.925,1.8055555555555556,108.9,91.5909090909091,2046.0
834.0,77,65,29,27,0.5714285714285714,0.5454545454545454,1.925,1.8055555555555556,108.9,91.5909090909091,2046.0
834.0,77,65,29,27,0.5714285714285714,0.5454545454545454,1.925,1.8055555555555556,108.9,91.5909090909091,2046.0
834.0,78,65,29,27,0.5774647887323944,0.5454545454545454,1.9024390243902438,1.8055555555555556,109.85915492957747,91.5909090909091,2046.0
834.0,79,65,29,27,0.5833333333333334,0.5454545454545454,1.880952380952381,1.8055555555555556,110.81944444444444,91.5909090909091,2046.0
834.0,79,65,29,27,0.5833333333333334,0.5454545454545454,1.880952380952381,1.8055555555555556,110.81944444444444,91.5909090909091,2046.0
827.0,82,67,29,27,0.589041095890411,0.5588235294117647,1.9069767441860466,1.763157894736842,114.57534246575344,93.60294117647058,2053.0
827.0,79,67,29,27,0.5833333333333334,0.5588235294117647,1.880952380952381,1.763157894736842,110.81944444444444,93.60294117647058,2053.0
827.0,79,66,29,27,0.5833333333333334,0.5522388059701493,1.880952380952381,1.7837837837837838,110.81944444444444,92.59701492537313,2053.0
816.0,82,67,28,26,0.589041095890411,0.5588235294117647,1.9069767441860466,1.763157894736842,113.45205479452055,92.61764705882354,2064.0
803.0,82,67,28,26,0.589041095890411,0.5588235294117647,1.9069767441860466,1.763157894736842,113.45205479452055,92.61764705882354,2077.0
799.0,82,67,28,26,0.589041095890411,0.5588235294117647,1.9069767441860466,1.763157894736842,113.45205479452055,92.61764705882354,2081.0
799.0,83,67,28,26,0.5945945945945946,0.5588235294117647,1.8863636363636365,1.763157894736842,114.4054054054054,92.61764705882354,2081.0
799.0,84,67,29,26,0.6,0.5588235294117647,1.8666666666666667,1.763157894736842,116.47999999999999,92.61764705882354,2081.0
799.0,84,67,29,26,0.6,0.5588235294117647,1.8666666666666667,1.763157894736842,116.47999999999999,92.61764705882354,2081.0
799.0,84,67,29,26,0.6,0.5588235294117647,1.8666666666666667,1.763157894736842,116.47999999999999,92.61764705882354,2081.0
799.0,84,67,28,26,0.6,0.5588235294117647,1.8666666666666667,1.763157894736842,115.36,92.61764705882354,2081.0
792.0,84,67,28,25,0.6,0.5588235294117647,1.8666666666666667,1.763157894736842,115.36,91.63235294117646,2088.0
781.0,84,68,28,26,0.6,0.5652173913043478,1.8666666666666667,1.7435897435897436,115.36,93.6231884057971,2099.0
781.0,84,69,28,26,0.6,0.5714285714285714,1.8666666666666667,1.725,115.36,94.62857142857143,2099.0
781.0,84,69,27,25,0.5921052631578947,0.5714285714285714,1.8666666666666667,1.725,113.84210526315789,93.64285714285714,2099.0
764.9,84,69,27,25,0.5921052631578947,0.5714285714285714,1.8666666666666667,1.725,113.84210526315789,93.64285714285714,2115.1
763.9,84,69,27,25,0.5921052631578947,0.5633802816901409,1.8666666666666667,1.725,113.84210526315789,93.29577464788733,2116.1
749.2,84,69,27,25,0.5921052631578947,0.5633802816901409,1.8666666666666667,1.725,113.84210526315789,93.29577464788733,2130.8
748.7,84,71,27,25,0.5921052631578947,0.5694444444444444,1.8666666666666667,1.7317073170731707,113.84210526315789,95.65277777777777,2131.3
746.1,84,71,26,24,0.5921052631578947,0.5694444444444444,1.8666666666666667,1.7317073170731707,112.73684210526315,94.66666666666667,2133.9
726.4,84,71,26,24,0.5921052631578947,0.5694444444444444,1.8666666666666667,1.7317073170731707,112.73684210526315,94.66666666666667,2153.6
726.4,84,71,26,24,0.5844155844155844,0.5694444444444444,1.8666666666666667,1.7317073170731707,112.36363636363636,94.66666666666667,2153.6
723.9,84,71,26,24,0.5844155844155844,0.5694444444444444,1.8666666666666667,1.7317073170731707,112.36363636363636,94.66666666666667,2156.1
722.8,84,71,26,24,0.5844155844155844,0.5616438356164384,1.8666666666666667,1.7317073170731707,112.36363636363636,94.34246575342466,2157.2
720.0,84,71,26,24,0.5844155844155844,0.5616438356164384,1.8666666666666667,1.7317073170731707,112.36363636363636,94.34246575342466,2160.0
720.0,84,71,26,24,0.5844155844155844,0.5616438356164384,1.8666666666666667,1.7317073170731707,112.36363636363636,94.34246575342466,2160.0
720.0,84,71,26,24,0.5844155844155844,0.5616438356164384,1.8666666666666667,1.7317073170731707,112.36363636363636,94.34246575342466,2160.0
720.0,84,71,25,24,0.5844155844155844,0.5616438356164384,1.8666666666666667,1.7317073170731707,111.27272727272727,94.34246575342466,2160.0
704.0,86,71,25,23,0.5897435897435898,0.5616438356164384,1.8695652173913044,1.7317073170731707,113.56410256410257,93.36986301369863,2176.0
693.0,86,74,24,23,0.5897435897435898,0.5675675675675675,1.8695652173913044,1.7619047619047619,112.46153846153847,97.0,2187.0
675.0,86,74,23,22,0.5897435897435898,0.5675675675675675,1.8695652173913044,1.7619047619047619,111.35897435897436,96.0,2205.0
656.0,86,76,22,21,0.5897435897435898,0.5733333333333334,1.8695652173913044,1.7674418604651163,110.25641025641025,97.28,2224.0
641.0,86,76,22,21,0.5822784810126582,0.5733333333333334,1.8695652173913044,1.7674418604651163,109.9493670886076,97.28,2239.0
627.0,86,76,22,21,0.5822784810126582,0.5733333333333334,1.8695652173913044,1.7674418604651163,109.9493670886076,97.28,2253.0
626.0,86,76,22,21,0.5822784810126582,0.5733333333333334,1.8695652173913044,1.7674418604651163,109.9493670886076,97.28,2254.0
622.0,86,78,22,21,0.5822784810126582,0.5789473684210527,1.8695652173913044,1.7727272727272727,109.9493670886076,99.55263157894737,2258.0
618.0,89,78,21,20,0.5875,0.5789473684210527,1.8936170212765957,1.7727272727272727,112.3625,98.52631578947368,2262.0
593.0,89,78,20,19,0.5875,0.5789473684210527,1.8936170212765957,1.7727272727272727,111.25,97.5,2287.0
577.0,89,78,20,19,0.5875,0.5789473684210527,1.8936170212765957,1.7727272727272727,111.25,97.5,2303.0
577.0,89,78,19,18,0.5875,0.5789473684210527,1.8936170212765957,1.7727272727272727,110.1375,96.47368421052632,2303.0
563.0,91,78,19,18,0.5925925925925926,0.5789473684210527,1.8958333333333333,1.7727272727272727,112.34567901234567,96.47368421052632,2317.0
555.0,91,81,19,18,0.5925925925925926,0.5844155844155844,1.8958333333333333,1.8,112.34567901234567,99.93506493506493,2325.0
537.0,91,81,18,17,0.5853658536585366,0.5844155844155844,1.8958333333333333,1.8,110.97560975609755,98.88311688311688,2343.0
525.0,91,81,18,17,0.5853658536585366,0.5769230769230769,1.8958333333333333,1.8,110.97560975609755,98.65384615384616,2355.0
525.0,91,81,18,17,0.5853658536585366,0.5844155844155844,1.8958333333333333,1.8,110.97560975609755,98.88311688311688,2355.0
525.0,91,81,18,17,0.5853658536585366,0.5844155844155844,1.8958333333333333,1.8,110.97560975609755,98.88311688311688,2355.0
525.0,91,81,18,17,0.5853658536585366,0.5844155844155844,1.8958333333333333,1.8,110.97560975609755,98.88311688311688,2355.0
510.0,91,81,18,17,0.5853658536585366,0.5769230769230769,1.8958333333333333,1.8,110.97560975609755,98.65384615384616,2370.0
510.0,91,81,17,16,0.5853658536585366,0.5769230769230769,1.8958333333333333,1.8,109.86585365853658,97.61538461538461,2370.0
495.0,91,81,17,16,0.5853658536585366,0.5769230769230769,1.8958333333333333,1.8,109.86585365853658,97.61538461538461,2385.0
491.0,91,81,17,16,0.5853658536585366,0.569620253164557,1.8958333333333333,1.8,109.86585365853658,97.40506329113924,2389.0
491.0,91,81,17,16,0.5853658536585366,0.569620253164557,1.8958333333333333,1.8,109.86585365853658,97.40506329113924,2389.0
491.0,91,81,17,16,0.5853658536585366,0.5625,1.8958333333333333,1.8,109.86585365853658,97.2,2389.0
491.0,91,81,17,16,0.5853658536585366,0.5625,1.8958333333333333,1.8,109.86585365853658,97.2,2389.0
491.0,91,81,16,16,0.5783132530120482,0.5625,1.8958333333333333,1.8,108.54216867469879,97.2,2389.0
470.0,91,81,16,16,0.5783132530120482,0.5625,1.8958333333333333,1.8,108.54216867469879,97.2,2410.0
470.0,91,81,16,16,0.5783132530120482,0.5625,1.8958333333333333,1.8,108.54216867469879,97.2,2410.0
470.0,91,81,16,15,0.5714285714285714,0.5625,1.8958333333333333,1.8,108.33333333333333,96.1875,2410.0
459.0,91,81,15,15,0.5714285714285714,0.5555555555555556,1.8958333333333333,1.8,107.25,96.0,2421.0
459.0,91,81,16,15,0.5714285714285714,0.5625,1.8958333333333333,1.8,108.33333333333333,96.1875,2421.0
446.0,91,81,15,15,0.5714285714285714,0.5555555555555556,1.8958333333333333,1.8,107.25,96.0,2434.0
446.0,91,81,15,14,0.5647058823529412,0.5555555555555556,1.8958333333333333,1.8,107.05882352941177,95.0,2434.0
436.0,91,81,15,14,0.5647058823529412,0.5555555555555556,1.8958333333333333,1.8,107.05882352941177,95.0,2444.0
436.0,91,81,15,14,0.5647058823529412,0.5487804878048781,1.8958333333333333,1.8,107.05882352941177,94.82926829268293,2444.0
429.0,91,81,15,14,0.5647058823529412,0.5487804878048781,1.8958333333333333,1.8,107.05882352941177,94.82926829268293,2451.0
427.0,91,81,14,13,0.5647058823529412,0.5487804878048781,1.8958333333333333,1.8,105.98823529411764,93.84146341463415,2453.0
407.0,91,83,14,13,0.5647058823529412,0.5542168674698795,1.8958333333333333,1.8043478260869565,105.98823529411764,96.0,2473.0
401.0,91,83,14,13,0.5647058823529412,0.5542168674698795,1.8958333333333333,1.8043478260869565,105.98823529411764,96.0,2479.0
401.0,91,83,14,13,0.5647058823529412,0.5542168674698795,1.8958333333333333,1.8043478260869565,105.98823529411764,96.0,2479.0
401.0,91,83,13,13,0.5647058823529412,0.5542168674698795,1.8958333333333333,1.8043478260869565,104.91764705882353,96.0,2479.0
386.0,91,83,13,13,0.5647058823529412,0.5476190476190477,1.8958333333333333,1.8043478260869565,104.91764705882353,95.8452380952381,2494.0
375.0,91,83,13,12,0.5647058823529412,0.5476190476190477,1.8958333333333333,1.8043478260869565,104.91764705882353,94.85714285714286,2505.0
373.0,91,85,12,12,0.5647058823529412,0.5581395348837209,1.8958333333333333,1.7708333333333333,103.84705882352941,96.86046511627907,2507.0
373.0,91,85,13,13,0.5647058823529412,0.5581395348837209,1.8958333333333333,1.7708333333333333,104.91764705882353,97.84883720930233,2507.0
373.0,91,84,13,13,0.5647058823529412,0.5529411764705883,1.8958333333333333,1.7872340425531914,104.91764705882353,96.84705882352941,2507.0
373.0,91,83,13,12,0.5647058823529412,0.5476190476190477,1.8958333333333333,1.8043478260869565,104.91764705882353,94.85714285714286,2507.0
350.0,91,85,11,11,0.5647058823529412,0.5517241379310345,1.8958333333333333,1.7708333333333333,102.7764705882353,95.74712643678161,2530.0
330.0,91,85,11,11,0.5647058823529412,0.5517241379310345,1.8958333333333333,1.7708333333333333,102.7764705882353,95.74712643678161,2550.0
328.0,91,85,11,11,0.5647058823529412,0.5517241379310345,1.8958333333333333,1.7708333333333333,102.7764705882353,95.74712643678161,2552.0
318.0,91,85,11,11,0.5647058823529412,0.5517241379310345,1.8958333333333333,1.7708333333333333,102.7764705882353,95.74712643678161,2562.0
318.0,92,85,11,11,0.5697674418604651,0.5517241379310345,1.8775510204081634,1.7708333333333333,103.76744186046511,95.74712643678161,2562.0
318.0,92,85,11,11,0.5697674418604651,0.5517241379310345,1.8775510204081634,1.7708333333333333,103.76744186046511,95.74712643678161,2562.0
318.0,92,85,10,10,0.5632183908045977,0.5517241379310345,1.8775510204081634,1.7708333333333333,102.57471264367817,94.77011494252874,2562.0
307.0,92,85,10,10,0.5632183908045977,0.5517241379310345,1.8775510204081634,1.7708333333333333,102.57471264367817,94.77011494252874,2573.0
305.0,92,88,10,10,0.5632183908045977,0.5568181818181818,1.8775510204081634,1.7959183673469388,102.57471264367817,98.0,2575.0
287.0,94,88,9,9,0.5681818181818182,0.5568181818181818,1.88,1.7959183673469388,103.61363636363636,97.0,2593.0
266.0,94,88,8,8,0.5681818181818182,0.5568181818181818,1.88,1.7959183673469388,102.54545454545455,96.0,2614.0
249.0,94,88,8,8,0.5681818181818182,0.5568181818181818,1.88,1.7959183673469388,102.54545454545455,96.0,2631.0
243.0,96,90,7,7,0.5777777777777777,0.5617977528089888,1.8461538461538463,1.8,103.46666666666667,97.07865168539325,2637.0
243.0,96,88,8,8,0.5777777777777777,0.5568181818181818,1.8461538461538463,1.7959183673469388,104.53333333333333,96.0,2637.0
243.0,94,88,8,8,0.5681818181818182,0.5568181818181818,1.88,1.7959183673469388,102.54545454545455,96.0,2637.0
243.0,94,88,8,8,0.5681818181818182,0.5568181818181818,1.88,1.7959183673469388,102.54545454545455,96.0,2637.0
243.0,95,88,8,8,0.5730337078651685,0.5568181818181818,1.8627450980392157,1.7959183673469388,103.53932584269663,96.0,2637.0
220.0,96,90,7,7,0.5777777777777777,0.5617977528089888,1.8461538461538463,1.8,103.46666666666667,97.07865168539325,2660.0
211.0,97,90,7,7,0.5824175824175825,0.5617977528089888,1.830188679245283,1.8,104.46153846153847,97.07865168539325,2669.0
211.0,98,90,7,7,0.5869565217391305,0.5617977528089888,1.8148148148148149,1.8,105.45652173913044,97.07865168539325,2669.0
211.0,98,90,7,7,0.5869565217391305,0.5617977528089888,1.8148148148148149,1.8,105.45652173913044,97.07865168539325,2669.0
197.0,98,90,6,6,0.5869565217391305,0.5555555555555556,1.8148148148148149,1.8,104.3913043478261,96.0,2683.0
189.0,98,90,6,6,0.5869565217391305,0.5555555555555556,1.8148148148148149,1.8,104.3913043478261,96.0,2691.0
188.0,98,90,6,6,0.5869565217391305,0.5555555555555556,1.8148148148148149,1.8,104.3913043478261,96.0,2692.0
174.0,98,93,5,5,0.5806451612903226,0.5698924731182796,1.8148148148148149,1.7547169811320755,103.26881720430107,98.0,2706.0
174.0,98,93,6,6,0.5869565217391305,0.5698924731182796,1.8148148148148149,1.7547169811320755,104.3913043478261,99.0,2706.0
174.0,98,92,6,6,0.5869565217391305,0.5652173913043478,1.8148148148148149,1.7692307692307692,104.3913043478261,98.0,2706.0
174.0,98,91,6,6,0.5869565217391305,0.5604395604395604,1.8148148148148149,1.7843137254901962,104.3913043478261,97.0,2706.0
159.0,98,93,5,5,0.5806451612903226,0.5698924731182796,1.8148148148148149,1.7547169811320755,103.26881720430107,98.0,2721.0
158.0,98,93,5,5,0.5806451612903226,0.5698924731182796,1.8148148148148149,1.7547169811320755,103.26881720430107,98.0,2722.0
158.0,98,94,5,5,0.5806451612903226,0.574468085106383,1.8148148148148149,1.7407407407407407,103.26881720430107,99.0,2722.0
158.0,98,94,5,5,0.5806451612903226,0.5684210526315789,1.8148148148148149,1.7407407407407407,103.26881720430107,98.94736842105263,2722.0
137.0,98,94,5,5,0.5806451612903226,0.5684210526315789,1.8148148148148149,1.7407407407407407,103.26881720430107,98.94736842105263,2743.0
136.0,98,94,4,4,0.5806451612903226,0.5684210526315789,1.8148148148148149,1.7407407407407407,102.21505376344086,97.9578947368421,2744.0
124.0,98,94,4,4,0.574468085106383,0.5684210526315789,1.8148148148148149,1.7407407407407407,102.17021276595744,97.9578947368421,2756.0
124.0,98,94,4,4,0.574468085106383,0.5684210526315789,1.8148148148148149,1.7407407407407407,102.17021276595744,97.9578947368421,2756.0
124.0,99,94,4,4,0.5789473684210527,0.5684210526315789,1.8,1.7407407407407407,103.16842105263157,97.9578947368421,2756.0
124.0,99,94,4,4,0.5789473684210527,0.5684210526315789,1.8,1.7407407407407407,103.16842105263157,97.9578947368421,2756.0
115.0,99,96,3,3,0.5789473684210527,0.5773195876288659,1.8,1.7142857142857142,102.12631578947368,98.96907216494846,2765.0
115.0,99,96,4,4,0.5789473684210527,0.5773195876288659,1.8,1.7142857142857142,103.16842105263157,99.95876288659794,2765.0
115.0,99,95,4,4,0.5789473684210527,0.5729166666666666,1.8,1.7272727272727273,103.16842105263157,98.95833333333333,2765.0
115.0,99,95,4,4,0.5789473684210527,0.5729166666666666,1.8,1.7272727272727273,103.16842105263157,98.95833333333333,2765.0
96.0,99,96,3,3,0.5729166666666666,0.5773195876288659,1.8,1.7142857142857142,102.09375,98.96907216494846,2784.0
96.0,99,96,3,3,0.5729166666666666,0.5773195876288659,1.8,1.7142857142857142,102.09375,98.96907216494846,2784.0
96.0,100,96,3,3,0.5773195876288659,0.5773195876288659,1.7857142857142858,1.7142857142857142,103.09278350515464,98.96907216494846,2784.0
96.0,100,99,3,3,0.5773195876288659,0.5816326530612245,1.7857142857142858,1.736842105263158,103.09278350515464,102.03061224489795,2784.0
83.0,100,99,3,3,0.5773195876288659,0.5816326530612245,1.7857142857142858,1.736842105263158,103.09278350515464,102.03061224489795,2797.0
76.0,100,99,2,2,0.5773195876288659,0.5816326530612245,1.7857142857142858,1.736842105263158,102.06185567010309,101.0204081632653,2804.0
64.0,102,99,2,2,0.5816326530612245,0.5816326530612245,1.7894736842105263,1.736842105263158,104.08163265306122,101.0204081632653,2816.0
61.0,102,99,2,2,0.5816326530612245,0.5757575757575758,1.7894736842105263,1.736842105263158,104.08163265306122,101.0,2819.0
50.9,102,99,2,2,0.5816326530612245,0.5757575757575758,1.7894736842105263,1.736842105263158,104.08163265306122,101.0,2829.1
47.2,102,99,2,2,0.5816326530612245,0.5757575757575758,1.7894736842105263,1.736842105263158,104.08163265306122,101.0,2832.8
47.2,102,99,1,2,0.5816326530612245,0.57,1.7894736842105263,1.736842105263158,103.04081632653062,100.98,2832.8
42.9,102,99,1,1,0.5816326530612245,0.57,1.7894736842105263,1.736842105263158,103.04081632653062,99.99,2837.1
41.8,102,99,1,1,0.5757575757575758,0.57,1.7894736842105263,1.736842105263158,103.03030303030303,99.99,2838.2
16.9,102,99,1,1,0.5757575757575758,0.57,1.7894736842105263,1.736842105263158,103.03030303030303,99.99,2863.1
16.2,102,99,0,0,0.5757575757575758,0.57,1.7894736842105263,1.736842105263158,102.0,99.0,2863.8
8.2,102,99,0,0,0.5757575757575758,0.57,1.7894736842105263,1.736842105263158,102.0,99.0,2871.8
8.2,102,99,0,0,0.5757575757575758,0.57,1.7894736842105263,1.736842105263158,102.0,99.0,2871.8
8.2,102,100,0,0,0.5757575757575758,0.5742574257425742,1.7894736842105263,1.7241379310344827,102.0,100.0,2871.8
8.2,102,101,0,0,0.5757575757575758,0.5784313725490197,1.7894736842105263,1.7118644067796611,102.0,101.0,2871.8
8.2,102,101,0,0,0.5757575757575758,0.5784313725490197,1.7894736842105263,1.7118644067796611,102.0,101.0,2871.8
8.2,102,101,0,0,0.5757575757575758,0.5784313725490197,1.7894736842105263,1.7118644067796611,102.0,101.0,2871.8
8.2,102,101,0,0,0.5757575757575758,0.5784313725490197,1.7894736842105263,1.7118644067796611,102.0,101.0,2871.8
6.3,104,101,0,0,0.5841584158415841,0.5784313725490197,1.7627118644067796,1.7118644067796611,104.0,101.0,2873.7
6.3,104,101,0,0,0.5841584158415841,0.5784313725490197,1.7627118644067796,1.7118644067796611,104.0,101.0,2873.7
6.3,102,101,0,0,0.5757575757575758,0.5784313725490197,1.7894736842105263,1.7118644067796611,102.0,101.0,2873.7
6.3,103,101,0,0,0.58,0.5784313725490197,1.7758620689655173,1.7118644067796611,103.0,101.0,2873.7
4.5,104,101,0,0,0.5841584158415841,0.5728155339805825,1.7627118644067796,1.7118644067796611,104.0,101.0,2875.5
4.5,104,101,0,0,0.5841584158415841,0.5728155339805825,1.7627118644067796,1.7118644067796611,104.0,101.0,2875.5
4.5,104,101,0,0,0.5841584158415841,0.5728155339805825,1.7627118644067796,1.7118644067796611,104.0,101.0,2875.5
4.5,104,101,0,0,0.5841584158415841,0.5728155339805825,1.7627118644067796,1.7118644067796611,104.0,101.0,2875.5
4.5,104,102,0,0,0.5841584158415841,0.5769230769230769,1.7627118644067796,1.7,104.0,102.0,2875.5
4.5,104,102,0,0,0.5841584158415841,0.5769230769230769,1.7627118644067796,1.7,104.0,102.0,2875.5
3.4,104,102,0,0,0.5841584158415841,0.5769230769230769,1.7627118644067796,1.7,104.0,102.0,2876.6
3.4,104,102,0,0,0.5841584158415841,0.5769230769230769,1.7627118644067796,1.7,104.0,102.0,2876.6
3.4,105,102,0,0,0.5882352941176471,0.5769230769230769,1.75,1.7,105.0,102.0,2876.6
3.4,106,102,0,0,0.5922330097087378,0.5769230769230769,1.7377049180327868,1.7,106.0,102.0,2876.6
3.4,106,102,0,0,0.5922330097087378,0.5714285714285714,1.7377049180327868,1.7,106.0,102.0,2876.6
0.0,106,102,0,0,0.5922330097087378,0.5714285714285714,1.7377049180327868,1.7,106.0,102.0,2880.0
0.0,106,102,0,0,0.5922330097087378,0.5714285714285714,1.7377049180327868,1.7,106.0,102.0,2880.0
