home_score,away_score,n_x,n_y,p_x,p_y,a,b,time_remaining,home_expected,away_expected,time_elapsed
0.0,0.0,0.0,149.0,0.5,0.0,0.0,0.0,2400.0,0.0,0.0,0.0
0.0,0.0,149.0,149.0,0.0,0.0,0.0,0.0,2384.0,0.0,0.0,16.0
0.0,0.0,132.0,132.0,0.0,0.0,0.0,0.0,2384.0,0.0,0.0,16.0
0.0,0.0,79.0,158.0,0.0,0.0,0.0,0.0,2382.0,0.0,0.0,18.0
0.0,0.0,76.0,153.0,0.0,0.0,0.0,0.0,2370.0,0.0,0.0,30.0
0.0,0.0,72.0,143.0,0.0,0.0,0.0,0.0,2369.0,0.0,0.0,31.0
0.0,0.0,92.0,92.0,0.0,0.0,0.0,0.0,2367.0,0.0,0.0,33.0
0.0,0.0,82.0,123.0,0.0,0.0,0.0,0.0,2349.0,0.0,0.0,51.0
0.0,0.0,92.0,138.0,0.0,0.0,0.0,0.0,2349.0,0.0,0.0,51.0
0.0,0.0,77.0,115.0,0.0,0.0,0.0,0.0,2343.0,0.0,0.0,57.0
0.0,0.0,63.0,126.0,0.0,0.0,0.0,0.0,2339.0,0.0,0.0,61.0
0.0,0.0,60.0,121.0,0.0,0.0,0.0,0.0,2326.0,0.0,0.0,74.0
0.0,3.0,59.0,147.0,0.0,0.2,0.0,3.0,2323.0,0.0,91.2,77.0
0.0,3.0,44.0,109.0,0.0,0.2,0.0,3.0,2321.0,0.0,68.4,79.0
2.0,3.0,71.0,106.0,0.5,0.16666666666666666,1.0,3.0,2295.0,37.5,56.0,105.0
1.0,3.0,66.0,109.0,0.3333333333333333,0.2,1.0,3.0,2295.0,23.0,68.4,105.0
2.0,3.0,87.0,109.0,0.5,0.2,1.0,3.0,2295.0,45.5,68.4,105.0
2.0,3.0,68.0,102.0,0.5,0.16666666666666666,1.0,3.0,2272.0,36.0,54.0,128.0
2.0,3.0,67.0,117.0,0.5,0.14285714285714285,1.0,3.0,2267.0,35.5,53.14285714285714,133.0
2.0,3.0,66.0,116.0,0.5,0.14285714285714285,1.0,3.0,2264.0,35.0,52.71428571428571,136.0
2.0,3.0,73.0,103.0,0.4,0.14285714285714285,1.0,3.0,2263.0,31.200000000000003,47.14285714285714,137.0
2.0,3.0,71.0,99.0,0.4,0.14285714285714285,1.0,3.0,2247.0,30.400000000000002,45.42857142857142,153.0
2.0,3.0,69.0,110.0,0.4,0.125,1.0,3.0,2242.0,29.6,44.25,158.0
2.0,3.0,67.0,107.0,0.4,0.125,1.0,3.0,2237.0,28.8,43.125,163.0
2.0,3.0,62.0,112.0,0.4,0.1111111111111111,1.0,3.0,2233.0,26.8,40.33333333333333,167.0
2.0,3.0,61.0,110.0,0.4,0.1111111111111111,1.0,3.0,2222.0,26.400000000000002,39.666666666666664,178.0
2.0,3.0,71.0,107.0,0.3333333333333333,0.1111111111111111,1.0,3.0,2218.0,25.666666666666664,38.666666666666664,182.0
2.0,3.0,70.0,105.0,0.3333333333333333,0.1111111111111111,1.0,3.0,2214.0,25.333333333333332,38.0,186.0
2.0,3.0,64.0,107.0,0.3333333333333333,0.1,1.0,3.0,2210.0,23.333333333333332,35.1,190.0
2.0,3.0,63.0,105.0,0.3333333333333333,0.1,1.0,3.0,2195.0,23.0,34.5,205.0
2.0,3.0,59.0,98.0,0.3333333333333333,0.1,1.0,3.0,2191.0,21.666666666666664,32.400000000000006,209.0
2.0,3.0,59.0,98.0,0.3333333333333333,0.1,1.0,3.0,2178.0,21.666666666666664,32.400000000000006,222.0
2.0,3.0,56.0,94.0,0.3333333333333333,0.1,1.0,3.0,2178.0,20.666666666666664,31.200000000000003,222.0
2.0,3.0,56.0,103.0,0.3333333333333333,0.09090909090909091,1.0,3.0,2169.0,20.666666666666664,31.09090909090909,231.0
2.0,3.0,56.0,103.0,0.3333333333333333,0.09090909090909091,1.0,3.0,2169.0,20.666666666666664,31.09090909090909,231.0
2.0,4.0,56.0,113.0,0.3333333333333333,0.16666666666666666,1.0,2.0,2169.0,20.666666666666664,41.666666666666664,231.0
5.0,4.0,62.0,107.0,0.42857142857142855,0.16666666666666666,1.6666666666666667,2.0,2169.0,49.285714285714285,39.666666666666664,231.0
5.0,4.0,57.0,98.0,0.42857142857142855,0.16666666666666666,1.6666666666666667,2.0,2157.0,45.714285714285715,36.666666666666664,243.0
5.0,4.0,64.0,96.0,0.375,0.16666666666666666,1.6666666666666667,2.0,2139.0,45.0,36.0,261.0
5.0,4.0,57.0,98.0,0.42857142857142855,0.16666666666666666,1.6666666666666667,2.0,2139.0,45.714285714285715,36.666666666666664,261.0
5.0,4.0,62.0,93.0,0.375,0.16666666666666666,1.6666666666666667,2.0,2134.0,43.75,35.0,266.0
5.0,6.0,62.0,100.0,0.375,0.23076923076923078,1.6666666666666667,2.0,2127.0,43.75,52.15384615384615,273.0
5.0,6.0,65.0,95.0,0.3333333333333333,0.23076923076923078,1.6666666666666667,2.0,2125.0,41.111111111111114,49.84615384615385,275.0
5.0,6.0,64.0,92.0,0.3333333333333333,0.23076923076923078,1.6666666666666667,2.0,2110.0,40.55555555555556,48.46153846153847,290.0
5.0,6.0,63.0,97.0,0.3333333333333333,0.21428571428571427,1.6666666666666667,2.0,2104.0,40.0,47.57142857142857,296.0
5.0,6.0,62.0,96.0,0.3333333333333333,0.21428571428571427,1.6666666666666667,2.0,2098.0,39.44444444444444,47.14285714285714,302.0
8.0,6.0,65.0,92.0,0.4,0.21428571428571427,2.0,2.0,2094.0,60.0,45.42857142857142,306.0
8.0,6.0,60.0,89.0,0.4,0.2,2.0,2.0,2082.0,56.0,41.6,318.0
8.0,6.0,59.0,88.0,0.4,0.2,2.0,2.0,2055.0,55.2,41.2,345.0
10.0,6.0,63.0,86.0,0.45454545454545453,0.2,2.0,2.0,2052.0,67.27272727272728,40.4,348.0
10.0,8.0,58.0,84.0,0.45454545454545453,0.25,2.0,2.0,2042.0,62.72727272727273,50.0,358.0
10.0,8.0,58.0,77.0,0.4166666666666667,0.25,2.0,2.0,2017.0,58.333333333333336,46.5,383.0
10.0,8.0,57.0,76.0,0.4166666666666667,0.25,2.0,2.0,1987.0,57.5,46.0,413.0
10.0,8.0,55.0,78.0,0.4166666666666667,0.23529411764705882,2.0,2.0,1983.0,55.833333333333336,44.705882352941174,417.0
10.0,8.0,55.0,77.0,0.4166666666666667,0.23529411764705882,2.0,2.0,1972.0,55.833333333333336,44.23529411764706,428.0
12.0,8.0,59.0,77.0,0.46153846153846156,0.23529411764705882,2.0,2.0,1968.0,66.46153846153847,44.23529411764706,432.0
12.0,8.0,56.0,77.0,0.46153846153846156,0.2222222222222222,2.0,2.0,1965.0,63.69230769230769,42.22222222222222,435.0
12.0,8.0,55.0,77.0,0.46153846153846156,0.2222222222222222,2.0,2.0,1947.0,62.769230769230774,42.22222222222222,453.0
14.0,8.0,58.0,75.0,0.5,0.2222222222222222,2.0,2.0,1943.0,72.0,41.33333333333333,457.0
14.0,8.0,55.0,70.0,0.5,0.2222222222222222,2.0,2.0,1933.0,69.0,39.111111111111114,467.0
14.0,8.0,55.0,70.0,0.5,0.2222222222222222,2.0,2.0,1911.0,69.0,39.111111111111114,489.0
14.0,9.0,55.0,74.0,0.5,0.2631578947368421,2.0,1.8,1911.0,69.0,44.05263157894737,489.0
14.0,9.0,55.0,74.0,0.5,0.2631578947368421,2.0,1.8,1911.0,69.0,44.05263157894737,489.0
14.0,9.0,55.0,78.0,0.5,0.25,2.0,1.8,1911.0,69.0,44.1,489.0
14.0,9.0,54.0,78.0,0.5,0.25,2.0,1.8,1911.0,68.0,44.1,489.0
14.0,9.0,51.0,73.0,0.5,0.25,2.0,1.8,1909.0,65.0,41.85,491.0
14.0,9.0,51.0,76.0,0.5,0.23809523809523808,2.0,1.8,1886.0,65.0,41.57142857142857,514.0
14.0,9.0,51.0,73.0,0.5,0.25,2.0,1.8,1886.0,65.0,41.85,514.0
14.0,9.0,51.0,76.0,0.5,0.23809523809523808,2.0,1.8,1882.0,65.0,41.57142857142857,518.0
14.0,9.0,51.0,76.0,0.5,0.23809523809523808,2.0,1.8,1882.0,65.0,41.57142857142857,518.0
14.0,9.0,50.0,74.0,0.5,0.23809523809523808,2.0,1.8,1882.0,64.0,40.714285714285715,518.0
14.0,9.0,53.0,74.0,0.4666666666666667,0.23809523809523808,2.0,1.8,1872.0,63.46666666666667,40.714285714285715,528.0
14.0,9.0,53.0,74.0,0.4666666666666667,0.23809523809523808,2.0,1.8,1872.0,63.46666666666667,40.714285714285715,528.0
14.0,9.0,57.0,74.0,0.4375,0.23809523809523808,2.0,1.8,1872.0,63.875,40.714285714285715,528.0
14.0,9.0,56.0,74.0,0.4375,0.23809523809523808,2.0,1.8,1872.0,63.0,40.714285714285715,528.0
16.0,9.0,60.0,74.0,0.47058823529411764,0.23809523809523808,2.0,1.8,1869.0,72.47058823529412,40.714285714285715,531.0
16.0,9.0,57.0,70.0,0.47058823529411764,0.23809523809523808,2.0,1.8,1867.0,69.64705882352942,39.0,533.0
16.0,9.0,57.0,70.0,0.47058823529411764,0.23809523809523808,2.0,1.8,1848.0,69.64705882352942,39.0,552.0
16.0,9.0,57.0,70.0,0.47058823529411764,0.23809523809523808,2.0,1.8,1848.0,69.64705882352942,39.0,552.0
16.0,9.0,56.0,66.0,0.4444444444444444,0.23809523809523808,2.0,1.8,1847.0,65.77777777777777,37.285714285714285,553.0
16.0,9.0,57.0,70.0,0.47058823529411764,0.23809523809523808,2.0,1.8,1847.0,69.64705882352942,39.0,553.0
16.0,9.0,56.0,65.0,0.4444444444444444,0.23809523809523808,2.0,1.8,1820.0,65.77777777777777,36.857142857142854,580.0
18.0,9.0,59.0,65.0,0.47368421052631576,0.23809523809523808,2.0,1.8,1816.0,73.89473684210526,36.857142857142854,584.0
18.0,9.0,56.0,61.0,0.47368421052631576,0.23809523809523808,2.0,1.8,1816.0,71.05263157894737,35.14285714285714,584.0
18.0,9.0,56.0,61.0,0.47368421052631576,0.23809523809523808,2.0,1.8,1789.0,71.05263157894737,35.14285714285714,611.0
18.0,9.0,56.0,59.0,0.45,0.23809523809523808,2.0,1.8,1789.0,68.4,34.285714285714285,611.0
18.0,9.0,56.0,58.0,0.45,0.23809523809523808,2.0,1.8,1768.0,68.4,33.85714285714286,632.0
18.0,9.0,58.0,58.0,0.42857142857142855,0.23809523809523808,2.0,1.8,1765.0,67.71428571428571,33.85714285714286,635.0
18.0,9.0,58.0,58.0,0.42857142857142855,0.23809523809523808,2.0,1.8,1764.0,67.71428571428571,33.85714285714286,636.0
18.0,9.0,60.0,58.0,0.4090909090909091,0.23809523809523808,2.0,1.8,1761.0,67.0909090909091,33.85714285714286,639.0
18.0,9.0,60.0,57.0,0.4090909090909091,0.23809523809523808,2.0,1.8,1759.0,67.0909090909091,33.42857142857143,641.0
18.0,9.0,59.0,57.0,0.4090909090909091,0.23809523809523808,2.0,1.8,1756.0,66.27272727272728,33.42857142857143,644.0
18.0,9.0,57.0,57.0,0.4090909090909091,0.22727272727272727,2.0,1.8,1751.0,64.63636363636364,32.31818181818182,649.0
18.0,9.0,57.0,57.0,0.4090909090909091,0.22727272727272727,2.0,1.8,1734.0,64.63636363636364,32.31818181818182,666.0
18.0,9.0,57.0,57.0,0.4090909090909091,0.22727272727272727,2.0,1.8,1733.0,64.63636363636364,32.31818181818182,667.0
18.0,9.0,57.0,60.0,0.4090909090909091,0.21739130434782608,2.0,1.8,1733.0,64.63636363636364,32.47826086956522,667.0
18.0,9.0,57.0,60.0,0.4090909090909091,0.21739130434782608,2.0,1.8,1733.0,64.63636363636364,32.47826086956522,667.0
18.0,10.0,57.0,62.0,0.4090909090909091,0.25,2.0,1.6666666666666667,1733.0,64.63636363636364,35.833333333333336,667.0
18.0,10.0,57.0,60.0,0.391304347826087,0.25,2.0,1.6666666666666667,1733.0,62.608695652173914,35.0,667.0
18.0,10.0,57.0,62.0,0.391304347826087,0.24,2.0,1.6666666666666667,1714.0,62.608695652173914,34.8,686.0
18.0,10.0,57.0,62.0,0.391304347826087,0.24,2.0,1.6666666666666667,1714.0,62.608695652173914,34.8,686.0
18.0,13.0,56.0,64.0,0.391304347826087,0.2692307692307692,2.0,1.8571428571428572,1710.0,61.82608695652174,45.0,690.0
18.0,13.0,57.0,62.0,0.375,0.2692307692307692,2.0,1.8571428571428572,1705.0,60.75,44.0,695.0
18.0,13.0,56.0,61.0,0.375,0.2692307692307692,2.0,1.8571428571428572,1687.0,60.0,43.5,713.0
18.0,13.0,56.0,63.0,0.375,0.25925925925925924,2.0,1.8571428571428572,1684.0,60.0,43.33333333333333,716.0
18.0,13.0,55.0,62.0,0.375,0.25925925925925924,2.0,1.8571428571428572,1678.0,59.25,42.85185185185185,722.0
18.0,15.0,55.0,64.0,0.375,0.2857142857142857,2.0,1.875,1673.0,59.25,49.285714285714285,727.0
18.0,15.0,54.0,63.0,0.375,0.2857142857142857,2.0,1.875,1667.0,58.5,48.75,733.0
18.0,15.0,54.0,60.0,0.36,0.2857142857142857,2.0,1.875,1660.0,56.879999999999995,47.14285714285714,740.0
18.0,15.0,53.0,60.0,0.36,0.2857142857142857,2.0,1.875,1637.0,56.16,47.14285714285714,763.0
18.0,15.0,51.0,59.0,0.36,0.27586206896551724,2.0,1.875,1634.0,54.72,45.51724137931035,766.0
18.0,15.0,51.0,59.0,0.36,0.27586206896551724,2.0,1.875,1613.0,54.72,45.51724137931035,787.0
18.0,15.0,51.0,61.0,0.36,0.26666666666666666,2.0,1.875,1610.0,54.72,45.5,790.0
18.0,15.0,53.0,61.0,0.34615384615384615,0.26666666666666666,2.0,1.875,1608.0,54.69230769230769,45.5,792.0
18.0,15.0,52.0,60.0,0.34615384615384615,0.26666666666666666,2.0,1.875,1608.0,54.0,45.0,792.0
18.0,15.0,53.0,59.0,0.3333333333333333,0.26666666666666666,2.0,1.875,1604.0,53.33333333333333,44.5,796.0
18.0,15.0,53.0,58.0,0.3333333333333333,0.26666666666666666,2.0,1.875,1588.0,53.33333333333333,44.0,812.0
18.0,15.0,50.0,56.0,0.3333333333333333,0.26666666666666666,2.0,1.875,1586.0,51.33333333333333,43.0,814.0
20.0,15.0,50.0,54.0,0.35714285714285715,0.26666666666666666,2.0,1.875,1559.0,55.714285714285715,42.0,841.0
18.0,15.0,50.0,56.0,0.3333333333333333,0.26666666666666666,2.0,1.875,1559.0,51.33333333333333,43.0,841.0
21.0,15.0,50.0,53.0,0.3793103448275862,0.25806451612903225,1.9090909090909092,1.875,1541.0,57.206896551724135,40.64516129032258,859.0
20.0,15.0,50.0,54.0,0.35714285714285715,0.26666666666666666,2.0,1.875,1541.0,55.714285714285715,42.0,859.0
21.0,15.0,52.0,54.0,0.3793103448275862,0.26666666666666666,1.9090909090909092,1.875,1541.0,58.6551724137931,42.0,859.0
21.0,15.0,49.0,53.0,0.3793103448275862,0.25806451612903225,1.9090909090909092,1.875,1519.0,56.48275862068965,40.64516129032258,881.0
21.0,15.0,49.0,53.0,0.3793103448275862,0.25806451612903225,1.9090909090909092,1.875,1513.0,56.48275862068965,40.64516129032258,887.0
21.0,15.0,49.0,53.0,0.3793103448275862,0.25806451612903225,1.9090909090909092,1.875,1513.0,56.48275862068965,40.64516129032258,887.0
23.0,15.0,50.0,52.0,0.4,0.25806451612903225,1.9166666666666667,1.875,1513.0,61.333333333333336,40.16129032258064,887.0
23.0,15.0,49.0,52.0,0.4,0.25,1.9166666666666667,1.875,1503.0,60.56666666666667,39.375,897.0
23.0,15.0,48.0,51.0,0.4,0.25,1.9166666666666667,1.875,1483.0,59.800000000000004,38.90625,917.0
23.0,15.0,48.0,50.0,0.3870967741935484,0.25,1.9166666666666667,1.875,1480.0,58.61290322580645,38.4375,920.0
23.0,15.0,48.0,51.0,0.3870967741935484,0.24242424242424243,1.9166666666666667,1.875,1461.0,58.61290322580645,38.18181818181819,939.0
23.0,15.0,48.0,51.0,0.3870967741935484,0.24242424242424243,1.9166666666666667,1.875,1461.0,58.61290322580645,38.18181818181819,939.0
23.0,15.0,47.0,52.0,0.3870967741935484,0.23529411764705882,1.9166666666666667,1.875,1457.0,57.87096774193549,37.94117647058823,943.0
23.0,15.0,47.0,51.0,0.3870967741935484,0.23529411764705882,1.9166666666666667,1.875,1449.0,57.87096774193549,37.5,951.0
26.0,15.0,47.0,50.0,0.40625,0.23529411764705882,2.0,1.875,1445.0,64.1875,37.05882352941177,955.0
26.0,17.0,45.0,49.0,0.40625,0.2571428571428571,2.0,1.8888888888888888,1430.0,62.5625,40.8,970.0
28.0,17.0,45.0,47.0,0.42424242424242425,0.2571428571428571,2.0,1.8888888888888888,1402.0,66.18181818181819,39.82857142857142,998.0
28.0,17.0,43.0,45.0,0.42424242424242425,0.2571428571428571,2.0,1.8888888888888888,1381.0,64.48484848484848,38.857142857142854,1019.0
28.0,19.0,42.0,46.0,0.4117647058823529,0.2972972972972973,2.0,1.7272727272727273,1356.0,62.588235294117645,42.62162162162162,1044.0
28.0,18.0,43.0,47.0,0.42424242424242425,0.2777777777777778,2.0,1.8,1356.0,64.48484848484848,41.5,1044.0
28.0,17.0,43.0,45.0,0.42424242424242425,0.2571428571428571,2.0,1.8888888888888888,1356.0,64.48484848484848,38.857142857142854,1044.0
28.0,19.0,43.0,48.0,0.42424242424242425,0.2972972972972973,2.0,1.7272727272727273,1356.0,64.48484848484848,43.648648648648646,1044.0
28.0,19.0,42.0,46.0,0.4117647058823529,0.2972972972972973,2.0,1.7272727272727273,1332.0,62.588235294117645,42.62162162162162,1068.0
30.0,19.0,43.0,46.0,0.42857142857142855,0.2972972972972973,2.0,1.7272727272727273,1328.0,66.85714285714286,42.62162162162162,1072.0
30.0,19.0,43.0,46.0,0.42857142857142855,0.2972972972972973,2.0,1.7272727272727273,1327.0,66.85714285714286,42.62162162162162,1073.0
31.0,19.0,45.0,46.0,0.4444444444444444,0.2972972972972973,1.9375,1.7272727272727273,1327.0,69.75,42.62162162162162,1073.0
31.0,22.0,43.0,45.0,0.4444444444444444,0.3157894736842105,1.9375,1.8333333333333333,1327.0,68.02777777777777,48.05263157894737,1073.0
31.0,22.0,42.0,44.0,0.4444444444444444,0.3157894736842105,1.9375,1.8333333333333333,1303.0,67.16666666666666,47.473684210526315,1097.0
31.0,22.0,43.0,44.0,0.43243243243243246,0.3157894736842105,1.9375,1.8333333333333333,1288.0,67.02702702702703,47.473684210526315,1112.0
31.0,22.0,43.0,44.0,0.43243243243243246,0.3157894736842105,1.9375,1.8333333333333333,1288.0,67.02702702702703,47.473684210526315,1112.0
32.0,22.0,44.0,44.0,0.4473684210526316,0.3157894736842105,1.8823529411764706,1.8333333333333333,1288.0,69.05263157894737,47.473684210526315,1112.0
32.0,25.0,43.0,44.0,0.4473684210526316,0.3333333333333333,1.8823529411764706,1.9230769230769231,1288.0,68.21052631578948,53.205128205128204,1112.0
32.0,25.0,41.0,42.0,0.4473684210526316,0.3333333333333333,1.8823529411764706,1.9230769230769231,1272.0,66.52631578947368,51.92307692307692,1128.0
34.0,25.0,43.0,42.0,0.475,0.3333333333333333,1.7894736842105263,1.9230769230769231,1246.0,70.55,51.92307692307692,1154.0
33.0,25.0,42.0,42.0,0.46153846153846156,0.3333333333333333,1.8333333333333333,1.9230769230769231,1246.0,68.53846153846155,51.92307692307692,1154.0
34.0,28.0,42.0,42.0,0.475,0.35,1.7894736842105263,2.0,1246.0,69.7,57.4,1154.0
34.0,28.0,41.0,40.0,0.4634146341463415,0.35,1.7894736842105263,2.0,1233.0,68.0,56.0,1167.0
34.0,28.0,41.0,40.0,0.4634146341463415,0.35,1.7894736842105263,2.0,1202.0,68.0,56.0,1198.0
36.0,28.0,41.0,39.0,0.47619047619047616,0.35,1.8,2.0,1200.0,71.14285714285714,55.3,1200.0
34.0,28.0,41.0,40.0,0.4634146341463415,0.35,1.7894736842105263,2.0,1200.0,68.0,56.0,1200.0
36.0,28.0,40.0,38.0,0.47619047619047616,0.35,1.8,2.0,1187.0,70.28571428571428,54.599999999999994,1213.0
36.0,31.0,39.0,38.0,0.47619047619047616,0.36585365853658536,1.8,2.066666666666667,1167.0,69.42857142857143,59.73170731707317,1233.0
36.0,31.0,38.0,36.0,0.46511627906976744,0.36585365853658536,1.8,2.066666666666667,1161.0,67.81395348837209,58.21951219512195,1239.0
36.0,31.0,38.0,36.0,0.46511627906976744,0.36585365853658536,1.8,2.066666666666667,1127.0,67.81395348837209,58.21951219512195,1273.0
36.0,31.0,39.0,36.0,0.45454545454545453,0.36585365853658536,1.8,2.066666666666667,1122.0,67.9090909090909,58.21951219512195,1278.0
36.0,31.0,39.0,36.0,0.45454545454545453,0.36585365853658536,1.8,2.066666666666667,1122.0,67.9090909090909,58.21951219512195,1278.0
36.0,31.0,38.0,36.0,0.45454545454545453,0.35714285714285715,1.8,2.066666666666667,1121.0,67.0909090909091,57.57142857142857,1279.0
36.0,31.0,39.0,36.0,0.4444444444444444,0.35714285714285715,1.8,2.066666666666667,1110.0,67.2,57.57142857142857,1290.0
36.0,31.0,39.0,36.0,0.4444444444444444,0.35714285714285715,1.8,2.066666666666667,1110.0,67.2,57.57142857142857,1290.0
39.0,31.0,39.0,36.0,0.45652173913043476,0.35714285714285715,1.8571428571428572,2.066666666666667,1107.0,72.06521739130434,57.57142857142857,1293.0
39.0,33.0,38.0,35.0,0.45652173913043476,0.37209302325581395,1.8571428571428572,2.0625,1103.0,71.21739130434781,59.86046511627907,1297.0
41.0,33.0,37.0,34.0,0.46808510638297873,0.37209302325581395,1.8636363636363635,2.0625,1082.0,73.27659574468086,59.093023255813954,1318.0
41.0,36.0,36.0,34.0,0.46808510638297873,0.38636363636363635,1.8636363636363635,2.1176470588235294,1062.0,72.40425531914894,63.81818181818181,1338.0
41.0,36.0,35.0,32.0,0.4583333333333333,0.38636363636363635,1.8636363636363635,2.1176470588235294,1039.0,70.89583333333333,62.18181818181818,1361.0
41.0,36.0,35.0,32.0,0.4583333333333333,0.38636363636363635,1.8636363636363635,2.1176470588235294,1011.0,70.89583333333333,62.18181818181818,1389.0
41.0,36.0,35.0,32.0,0.4489795918367347,0.38636363636363635,1.8636363636363635,2.1176470588235294,1007.0,70.28571428571428,62.18181818181818,1393.0
41.0,36.0,35.0,31.0,0.4489795918367347,0.38636363636363635,1.8636363636363635,2.1176470588235294,1005.0,70.28571428571428,61.36363636363636,1395.0
41.0,36.0,34.0,31.0,0.4489795918367347,0.38636363636363635,1.8636363636363635,2.1176470588235294,1001.0,69.44897959183673,61.36363636363636,1399.0
43.0,36.0,34.0,30.0,0.46,0.38636363636363635,1.8695652173913044,2.1176470588235294,988.0,72.24000000000001,60.54545454545455,1412.0
44.0,36.0,33.0,29.0,0.47058823529411764,0.37777777777777777,1.8333333333333333,2.1176470588235294,973.0,72.47058823529412,59.2,1427.0
44.0,36.0,35.0,30.0,0.47058823529411764,0.38636363636363635,1.8333333333333333,2.1176470588235294,973.0,74.19607843137254,60.54545454545455,1427.0
43.0,36.0,34.0,30.0,0.46,0.38636363636363635,1.8695652173913044,2.1176470588235294,973.0,72.24000000000001,60.54545454545455,1427.0
44.0,36.0,33.0,29.0,0.47058823529411764,0.37777777777777777,1.8333333333333333,2.1176470588235294,950.0,72.47058823529412,59.2,1450.0
44.0,38.0,33.0,29.0,0.47058823529411764,0.391304347826087,1.8333333333333333,2.111111111111111,947.0,72.47058823529412,61.95652173913044,1453.0
44.0,38.0,32.0,28.0,0.46153846153846156,0.391304347826087,1.8333333333333333,2.111111111111111,937.0,71.07692307692308,61.1304347826087,1463.0
44.0,38.0,32.0,28.0,0.46153846153846156,0.391304347826087,1.8333333333333333,2.111111111111111,917.0,71.07692307692308,61.1304347826087,1483.0
47.0,38.0,32.0,28.0,0.4716981132075472,0.391304347826087,1.88,2.111111111111111,914.0,75.37735849056604,61.1304347826087,1486.0
47.0,40.0,31.0,27.0,0.4716981132075472,0.40425531914893614,1.88,2.1052631578947367,908.0,74.49056603773585,62.97872340425532,1492.0
50.0,40.0,30.0,26.0,0.48148148148148145,0.40425531914893614,1.9230769230769231,2.1052631578947367,878.0,77.77777777777777,62.12765957446808,1522.0
50.0,42.0,29.0,25.0,0.48148148148148145,0.4166666666666667,1.9230769230769231,2.1,864.0,76.85185185185185,63.875,1536.0
50.0,42.0,28.0,25.0,0.4727272727272727,0.4166666666666667,1.9230769230769231,2.1,831.0,75.45454545454545,63.875,1569.0
50.0,42.0,28.0,24.0,0.4727272727272727,0.4166666666666667,1.9230769230769231,2.1,813.0,75.45454545454545,63.0,1587.0
50.0,42.0,28.0,24.0,0.4727272727272727,0.4166666666666667,1.9230769230769231,2.1,810.0,75.45454545454545,63.0,1590.0
50.0,42.0,28.0,24.0,0.4727272727272727,0.4166666666666667,1.9230769230769231,2.1,810.0,75.45454545454545,63.0,1590.0
52.0,42.0,28.0,24.0,0.48214285714285715,0.4166666666666667,1.9259259259259258,2.1,810.0,78.0,63.0,1590.0
52.0,42.0,27.0,23.0,0.48214285714285715,0.4166666666666667,1.9259259259259258,2.1,804.0,77.07142857142857,62.125,1596.0
52.0,42.0,26.0,22.0,0.48214285714285715,0.4166666666666667,1.9259259259259258,2.1,776.0,76.14285714285714,61.25,1624.0
52.0,42.0,26.0,22.0,0.48214285714285715,0.4166666666666667,1.9259259259259258,2.1,761.0,76.14285714285714,61.25,1639.0
52.0,42.0,26.0,22.0,0.48214285714285715,0.4166666666666667,1.9259259259259258,2.1,761.0,76.14285714285714,61.25,1639.0
54.0,42.0,25.0,21.0,0.5,0.40816326530612246,1.8620689655172413,2.1,758.0,77.27586206896552,60.0,1642.0
54.0,42.0,27.0,22.0,0.5,0.4166666666666667,1.8620689655172413,2.1,758.0,79.13793103448276,61.25,1642.0
53.0,42.0,26.0,22.0,0.49122807017543857,0.4166666666666667,1.8928571428571428,2.1,758.0,77.17543859649123,61.25,1642.0
54.0,42.0,25.0,21.0,0.5,0.40816326530612246,1.8620689655172413,2.1,729.0,77.27586206896552,60.0,1671.0
54.0,42.0,25.0,21.0,0.5,0.40816326530612246,1.8620689655172413,2.1,726.0,77.27586206896552,60.0,1674.0
54.0,42.0,25.0,21.0,0.5,0.40816326530612246,1.8620689655172413,2.1,714.0,77.27586206896552,60.0,1686.0
55.0,42.0,25.0,21.0,0.5084745762711864,0.40816326530612246,1.8333333333333333,2.1,714.0,78.30508474576271,60.0,1686.0
56.0,42.0,25.0,21.0,0.5166666666666667,0.40816326530612246,1.8064516129032258,2.1,714.0,79.33333333333333,60.0,1686.0
56.0,42.0,25.0,21.0,0.5166666666666667,0.4,1.8064516129032258,2.1,714.0,79.33333333333333,59.64,1686.0
56.0,42.0,25.0,20.0,0.5166666666666667,0.4,1.8064516129032258,2.1,700.0,79.33333333333333,58.8,1700.0
56.0,45.0,24.0,21.0,0.5166666666666667,0.4117647058823529,1.8064516129032258,2.142857142857143,696.0,78.4,63.529411764705884,1704.0
56.0,45.0,23.0,19.0,0.5081967213114754,0.4117647058823529,1.8064516129032258,2.142857142857143,695.0,77.11475409836066,61.76470588235294,1705.0
56.0,45.0,23.0,20.0,0.5081967213114754,0.40384615384615385,1.8064516129032258,2.142857142857143,663.0,77.11475409836066,62.30769230769231,1737.0
56.0,45.0,23.0,20.0,0.5081967213114754,0.40384615384615385,1.8064516129032258,2.142857142857143,663.0,77.11475409836066,62.30769230769231,1737.0
56.0,45.0,22.0,19.0,0.5081967213114754,0.39622641509433965,1.8064516129032258,2.142857142857143,658.0,76.19672131147541,61.132075471698116,1742.0
56.0,45.0,22.0,19.0,0.5081967213114754,0.39622641509433965,1.8064516129032258,2.142857142857143,642.0,76.19672131147541,61.132075471698116,1758.0
56.0,45.0,22.0,19.0,0.5081967213114754,0.3888888888888889,1.8064516129032258,2.142857142857143,636.0,76.19672131147541,60.833333333333336,1764.0
56.0,45.0,22.0,19.0,0.5081967213114754,0.3888888888888889,1.8064516129032258,2.142857142857143,636.0,76.19672131147541,60.833333333333336,1764.0
58.0,45.0,22.0,19.0,0.5161290322580645,0.3888888888888889,1.8125,2.142857142857143,634.0,78.58064516129032,60.833333333333336,1766.0
58.0,45.0,21.0,18.0,0.5161290322580645,0.38181818181818183,1.8125,2.142857142857143,631.0,77.64516129032258,59.72727272727273,1769.0
58.0,45.0,20.0,18.0,0.5161290322580645,0.38181818181818183,1.8125,2.142857142857143,599.0,76.70967741935485,59.72727272727273,1801.0
58.0,45.0,19.0,17.0,0.5161290322580645,0.38181818181818183,1.8125,2.142857142857143,595.0,75.7741935483871,58.90909090909091,1805.0
58.0,45.0,19.0,17.0,0.5161290322580645,0.38181818181818183,1.8125,2.142857142857143,573.0,75.7741935483871,58.90909090909091,1827.0
58.0,45.0,19.0,17.0,0.5161290322580645,0.375,1.8125,2.142857142857143,573.0,75.7741935483871,58.660714285714285,1827.0
58.0,45.0,19.0,17.0,0.5161290322580645,0.375,1.8125,2.142857142857143,568.0,75.7741935483871,58.660714285714285,1832.0
58.0,45.0,19.0,17.0,0.5079365079365079,0.375,1.8125,2.142857142857143,565.0,75.4920634920635,58.660714285714285,1835.0
58.0,45.0,19.0,17.0,0.5079365079365079,0.3684210526315789,1.8125,2.142857142857143,558.0,75.4920634920635,58.421052631578945,1842.0
58.0,45.0,19.0,17.0,0.5079365079365079,0.3684210526315789,1.8125,2.142857142857143,558.0,75.4920634920635,58.421052631578945,1842.0
58.0,45.0,19.0,17.0,0.5,0.3684210526315789,1.8125,2.142857142857143,552.0,75.21875,58.421052631578945,1848.0
58.0,45.0,18.0,16.0,0.5,0.3620689655172414,1.8125,2.142857142857143,552.0,74.3125,57.41379310344828,1848.0
58.0,45.0,19.0,17.0,0.5,0.3684210526315789,1.8125,2.142857142857143,552.0,75.21875,58.421052631578945,1848.0
58.0,45.0,18.0,16.0,0.5,0.3620689655172414,1.8125,2.142857142857143,525.0,74.3125,57.41379310344828,1875.0
58.0,45.0,17.0,15.0,0.5,0.3620689655172414,1.8125,2.142857142857143,522.0,73.40625,56.63793103448276,1878.0
58.0,45.0,17.0,15.0,0.49230769230769234,0.3620689655172414,1.8125,2.142857142857143,497.0,73.16923076923077,56.63793103448276,1903.0
58.0,45.0,17.0,15.0,0.49230769230769234,0.3620689655172414,1.8125,2.142857142857143,497.0,73.16923076923077,56.63793103448276,1903.0
59.0,45.0,17.0,15.0,0.5,0.3620689655172414,1.7878787878787878,2.142857142857143,497.0,74.1969696969697,56.63793103448276,1903.0
59.0,48.0,17.0,15.0,0.5,0.3728813559322034,1.7878787878787878,2.1818181818181817,497.0,74.1969696969697,60.20338983050847,1903.0
59.0,48.0,16.0,15.0,0.5,0.3728813559322034,1.7878787878787878,2.1818181818181817,482.0,73.3030303030303,60.20338983050847,1918.0
59.0,49.0,16.0,15.0,0.5,0.3770491803278688,1.7878787878787878,2.130434782608696,478.0,73.3030303030303,61.049180327868854,1922.0
59.0,49.0,16.0,15.0,0.5,0.3770491803278688,1.7878787878787878,2.130434782608696,478.0,73.3030303030303,61.049180327868854,1922.0
59.0,51.0,16.0,15.0,0.5,0.3870967741935484,1.7878787878787878,2.125,478.0,73.3030303030303,63.33870967741935,1922.0
59.0,48.0,16.0,15.0,0.5,0.3728813559322034,1.7878787878787878,2.1818181818181817,478.0,73.3030303030303,60.20338983050847,1922.0
59.0,49.0,16.0,15.0,0.5,0.38333333333333336,1.7878787878787878,2.130434782608696,478.0,73.3030303030303,61.25,1922.0
59.0,48.0,16.0,15.0,0.5,0.3728813559322034,1.7878787878787878,2.1818181818181817,478.0,73.3030303030303,60.20338983050847,1922.0
59.0,51.0,15.0,14.0,0.4925373134328358,0.3870967741935484,1.7878787878787878,2.125,463.0,72.2089552238806,62.516129032258064,1937.0
59.0,51.0,15.0,14.0,0.4925373134328358,0.3870967741935484,1.7878787878787878,2.125,444.0,72.2089552238806,62.516129032258064,1956.0
59.0,51.0,15.0,14.0,0.4925373134328358,0.3870967741935484,1.7878787878787878,2.125,440.0,72.2089552238806,62.516129032258064,1960.0
59.0,51.0,15.0,14.0,0.4925373134328358,0.3870967741935484,1.7878787878787878,2.125,434.0,72.2089552238806,62.516129032258064,1966.0
59.0,51.0,14.0,13.0,0.4852941176470588,0.3870967741935484,1.7878787878787878,2.125,434.0,71.1470588235294,61.693548387096776,1966.0
59.0,51.0,14.0,13.0,0.4852941176470588,0.3870967741935484,1.7878787878787878,2.125,419.0,71.1470588235294,61.693548387096776,1981.0
59.0,51.0,14.0,13.0,0.4852941176470588,0.3870967741935484,1.7878787878787878,2.125,417.0,71.1470588235294,61.693548387096776,1983.0
59.0,51.0,14.0,13.0,0.4852941176470588,0.38095238095238093,1.7878787878787878,2.125,417.0,71.1470588235294,61.523809523809526,1983.0
59.0,51.0,13.0,12.0,0.4852941176470588,0.38095238095238093,1.7878787878787878,2.125,398.0,70.27941176470588,60.714285714285715,2002.0
59.0,51.0,13.0,12.0,0.4852941176470588,0.38095238095238093,1.7878787878787878,2.125,393.0,70.27941176470588,60.714285714285715,2007.0
59.0,51.0,13.0,12.0,0.4782608695652174,0.38095238095238093,1.7878787878787878,2.125,386.0,70.1159420289855,60.714285714285715,2014.0
59.0,51.0,13.0,12.0,0.4782608695652174,0.38095238095238093,1.7878787878787878,2.125,375.0,70.1159420289855,60.714285714285715,2025.0
59.0,53.0,12.0,11.0,0.4782608695652174,0.390625,1.7878787878787878,2.12,371.0,69.26086956521739,62.109375,2029.0
59.0,53.0,11.0,10.0,0.4782608695652174,0.390625,1.7878787878787878,2.12,355.0,68.40579710144928,61.28125,2045.0
59.0,53.0,11.0,10.0,0.4782608695652174,0.390625,1.7878787878787878,2.12,330.0,68.40579710144928,61.28125,2070.0
59.0,53.0,10.0,10.0,0.4782608695652174,0.38461538461538464,1.7878787878787878,2.12,330.0,67.55072463768116,61.15384615384615,2070.0
59.0,53.0,10.0,10.0,0.4782608695652174,0.38461538461538464,1.7878787878787878,2.12,312.0,67.55072463768116,61.15384615384615,2088.0
59.0,53.0,10.0,10.0,0.4782608695652174,0.3787878787878788,1.7878787878787878,2.12,310.0,67.55072463768116,61.03030303030303,2090.0
59.0,53.0,10.0,10.0,0.4782608695652174,0.38461538461538464,1.7878787878787878,2.12,310.0,67.55072463768116,61.15384615384615,2090.0
59.0,53.0,10.0,10.0,0.4782608695652174,0.3787878787878788,1.7878787878787878,2.12,306.0,67.55072463768116,61.03030303030303,2094.0
59.0,55.0,10.0,10.0,0.4782608695652174,0.3880597014925373,1.7878787878787878,2.1153846153846154,303.0,67.55072463768116,63.208955223880594,2097.0
59.0,55.0,9.0,9.0,0.4714285714285714,0.3880597014925373,1.7878787878787878,2.1153846153846154,303.0,66.58571428571429,62.38805970149254,2097.0
59.0,55.0,9.0,9.0,0.4714285714285714,0.3880597014925373,1.7878787878787878,2.1153846153846154,280.0,66.58571428571429,62.38805970149254,2120.0
59.0,55.0,9.0,9.0,0.4714285714285714,0.3880597014925373,1.7878787878787878,2.1153846153846154,277.0,66.58571428571429,62.38805970149254,2123.0
59.0,55.0,8.0,8.0,0.4714285714285714,0.38235294117647056,1.7878787878787878,2.1153846153846154,277.0,65.74285714285715,61.470588235294116,2123.0
59.0,55.0,8.0,8.0,0.4714285714285714,0.38235294117647056,1.7878787878787878,2.1153846153846154,250.0,65.74285714285715,61.470588235294116,2150.0
59.0,55.0,7.0,7.0,0.4714285714285714,0.38235294117647056,1.7878787878787878,2.1153846153846154,244.0,64.9,60.661764705882355,2156.0
61.0,55.0,7.0,6.0,0.4861111111111111,0.37681159420289856,1.7428571428571429,2.1153846153846154,224.0,66.93055555555556,59.78260869565217,2176.0
61.0,55.0,7.0,7.0,0.4861111111111111,0.38235294117647056,1.7428571428571429,2.1153846153846154,224.0,66.93055555555556,60.661764705882355,2176.0
60.0,55.0,7.0,7.0,0.4788732394366197,0.38235294117647056,1.7647058823529411,2.1153846153846154,224.0,65.91549295774648,60.661764705882355,2176.0
59.0,55.0,7.0,7.0,0.4714285714285714,0.38235294117647056,1.7878787878787878,2.1153846153846154,224.0,64.9,60.661764705882355,2176.0
61.0,55.0,7.0,6.0,0.4861111111111111,0.37681159420289856,1.7428571428571429,2.1153846153846154,206.0,66.93055555555556,59.78260869565217,2194.0
64.0,55.0,6.0,6.0,0.4931506849315068,0.37681159420289856,1.7777777777777777,2.1153846153846154,203.0,69.26027397260273,59.78260869565217,2197.0
64.0,55.0,5.0,5.0,0.4931506849315068,0.37142857142857144,1.7777777777777777,2.1153846153846154,183.0,68.38356164383562,58.92857142857143,2217.0
64.0,55.0,5.0,5.0,0.4931506849315068,0.37142857142857144,1.7777777777777777,2.1153846153846154,150.0,68.38356164383562,58.92857142857143,2250.0
64.0,55.0,5.0,5.0,0.4931506849315068,0.36619718309859156,1.7777777777777777,2.1153846153846154,146.0,68.38356164383562,58.87323943661972,2254.0
64.0,55.0,5.0,4.0,0.4931506849315068,0.36619718309859156,1.7777777777777777,2.1153846153846154,145.0,68.38356164383562,58.098591549295776,2255.0
64.0,55.0,4.0,4.0,0.4931506849315068,0.3611111111111111,1.7777777777777777,2.1153846153846154,141.0,67.5068493150685,58.05555555555556,2259.0
64.0,55.0,4.0,4.0,0.4864864864864865,0.3611111111111111,1.7777777777777777,2.1153846153846154,137.0,67.45945945945945,58.05555555555556,2263.0
64.0,55.0,4.0,4.0,0.4864864864864865,0.3611111111111111,1.7777777777777777,2.1153846153846154,137.0,67.45945945945945,58.05555555555556,2263.0
64.0,57.0,4.0,4.0,0.4864864864864865,0.3698630136986301,1.7777777777777777,2.111111111111111,135.0,67.45945945945945,60.12328767123287,2265.0
64.0,57.0,3.0,3.0,0.4864864864864865,0.3698630136986301,1.7777777777777777,2.111111111111111,125.0,66.5945945945946,59.342465753424655,2275.0
64.0,57.0,3.0,3.0,0.4864864864864865,0.3698630136986301,1.7777777777777777,2.111111111111111,99.0,66.5945945945946,59.342465753424655,2301.0
64.0,57.0,3.0,3.0,0.4864864864864865,0.3698630136986301,1.7777777777777777,2.111111111111111,99.0,66.5945945945946,59.342465753424655,2301.0
64.0,58.0,3.0,3.0,0.4864864864864865,0.3783783783783784,1.7777777777777777,2.0714285714285716,87.0,66.5945945945946,60.351351351351354,2313.0
64.0,59.0,3.0,3.0,0.4864864864864865,0.38666666666666666,1.7777777777777777,2.0344827586206895,87.0,66.5945945945946,61.36,2313.0
64.0,59.0,3.0,3.0,0.4864864864864865,0.38666666666666666,1.7777777777777777,2.0344827586206895,87.0,66.5945945945946,61.36,2313.0
64.0,59.0,3.0,3.0,0.4864864864864865,0.38666666666666666,1.7777777777777777,2.0344827586206895,87.0,66.5945945945946,61.36,2313.0
64.0,59.0,3.0,3.0,0.4864864864864865,0.38666666666666666,1.7777777777777777,2.0344827586206895,87.0,66.5945945945946,61.36,2313.0
66.0,59.0,2.0,2.0,0.5,0.38666666666666666,1.736842105263158,2.0344827586206895,86.0,67.73684210526316,60.57333333333333,2314.0
65.0,59.0,3.0,3.0,0.49333333333333335,0.38666666666666666,1.7567567567567568,2.0344827586206895,86.0,67.6,61.36,2314.0
66.0,59.0,3.0,3.0,0.5,0.38666666666666666,1.736842105263158,2.0344827586206895,86.0,68.60526315789474,61.36,2314.0
66.0,60.0,2.0,2.0,0.5,0.39473684210526316,1.736842105263158,2.0,74.0,67.73684210526316,61.578947368421055,2326.0
66.0,61.0,2.0,2.0,0.5,0.4025974025974026,1.736842105263158,1.967741935483871,74.0,67.73684210526316,62.58441558441559,2326.0
66.0,61.0,2.0,2.0,0.5,0.4025974025974026,1.736842105263158,1.967741935483871,74.0,67.73684210526316,62.58441558441559,2326.0
67.0,61.0,2.0,2.0,0.5064935064935064,0.4025974025974026,1.7179487179487178,1.967741935483871,74.0,68.74025974025975,62.58441558441559,2326.0
67.0,61.0,2.0,2.0,0.5,0.4025974025974026,1.7179487179487178,1.967741935483871,74.0,68.71794871794872,62.58441558441559,2326.0
67.0,61.0,2.0,2.0,0.5,0.3974358974358974,1.7179487179487178,1.967741935483871,47.0,68.71794871794872,62.56410256410256,2353.0
67.0,61.0,1.0,1.0,0.5,0.3974358974358974,1.7179487179487178,1.967741935483871,47.0,67.85897435897436,61.782051282051285,2353.0
67.0,64.0,1.0,1.0,0.5,0.4050632911392405,1.7179487179487178,2.0,42.0,67.85897435897436,64.81012658227849,2358.0
67.0,64.0,1.0,1.0,0.5,0.4050632911392405,1.7179487179487178,2.0,33.0,67.85897435897436,64.81012658227849,2367.0
67.0,64.0,1.0,1.0,0.5,0.4050632911392405,1.7179487179487178,2.0,32.0,67.85897435897436,64.81012658227849,2368.0
67.0,64.0,1.0,1.0,0.5,0.4050632911392405,1.7179487179487178,2.0,30.0,67.85897435897436,64.81012658227849,2370.0
67.0,64.0,1.0,1.0,0.5,0.4,1.7179487179487178,2.0,30.0,67.85897435897436,64.8,2370.0
67.0,64.0,1.0,1.0,0.5,0.4,1.7179487179487178,2.0,25.0,67.85897435897436,64.8,2375.0
67.0,66.0,1.0,1.0,0.5,0.4074074074074074,1.7179487179487178,2.0,25.0,67.85897435897436,66.81481481481481,2375.0
67.0,66.0,1.0,1.0,0.5,0.4074074074074074,1.7179487179487178,2.0,25.0,67.85897435897436,66.81481481481481,2375.0
67.0,66.0,1.0,1.0,0.4936708860759494,0.4074074074074074,1.7179487179487178,2.0,20.0,67.84810126582279,66.81481481481481,2380.0
67.0,66.0,1.0,1.0,0.4936708860759494,0.4074074074074074,1.7179487179487178,2.0,20.0,67.84810126582279,66.81481481481481,2380.0
67.0,68.0,1.0,1.0,0.4936708860759494,0.42168674698795183,1.7179487179487178,1.9428571428571428,19.0,67.84810126582279,68.81927710843374,2381.0
67.0,68.0,1.0,1.0,0.4936708860759494,0.42168674698795183,1.7179487179487178,1.9428571428571428,19.0,67.84810126582279,68.81927710843374,2381.0
67.0,66.0,1.0,1.0,0.4936708860759494,0.4074074074074074,1.7179487179487178,2.0,19.0,67.84810126582279,66.81481481481481,2381.0
67.0,67.0,1.0,1.0,0.4936708860759494,0.4146341463414634,1.7179487179487178,1.9705882352941178,19.0,67.84810126582279,67.8170731707317,2381.0
67.0,68.0,0.0,0.0,0.4875,0.42168674698795183,1.7179487179487178,1.9428571428571428,17.0,67.0,68.0,2383.0
67.0,68.0,0.0,0.0,0.4875,0.42168674698795183,1.7179487179487178,1.9428571428571428,8.0,67.0,68.0,2392.0
67.0,68.0,0.0,0.0,0.4875,0.42168674698795183,1.7179487179487178,1.9428571428571428,4.0,67.0,68.0,2396.0
67.0,70.0,0.0,0.0,0.4875,0.43529411764705883,1.7179487179487178,1.8918918918918919,3.0,67.0,70.0,2397.0
67.0,69.0,0.0,0.0,0.4875,0.42857142857142855,1.7179487179487178,1.9166666666666667,3.0,67.0,69.0,2397.0
67.0,70.0,0.0,0.0,0.4875,0.43529411764705883,1.7179487179487178,1.8918918918918919,3.0,67.0,70.0,2397.0
,,,,,,,,0.0,0.0,0.0,2400.0
